,Title,Release Year,Certificate,Runtime,Genres,Description,IMDB Rating,Metascore,Votes,Gross Revenue,genre_pull
0,Incredibles 2,(2018),PG,118 min,"
Animation, Action, Adventure            ","
The Incredibles family takes on a new mission which involves a change in family roles: Bob Parr (Mr. Incredible) must manage the house while his wife Helen (Elastigirl) goes out to save the world.","

7.6
","
80        
        Metascore
            ","280,826",$608.58M,comedy
1,Finding Dory,(2016),PG,97 min,"
Animation, Adventure, Comedy            ","
Friendly but forgetful blue tang Dory begins a search for her long-lost parents, and everyone learns a few things about the real meaning of family along the way.","

7.3
","
77        
        Metascore
            ","264,114",$486.30M,comedy
2,Frozen II,(2019),PG,103 min,"
Animation, Adventure, Comedy            ","
Anna, Elsa, Kristoff, Olaf and Sven leave Arendelle to travel to an ancient, autumn-bound forest of an enchanted land. They set out to find the origin of Elsa's powers in order to save their kingdom.","

6.8
","
64        
        Metascore
            ","161,855",$477.37M,comedy
3,Shrek 2,(2004),PG,93 min,"
Animation, Adventure, Comedy            ","
Shrek and Fiona travel to the Kingdom of Far Far Away, where Fiona's parents are King and Queen, to celebrate their marriage. When they arrive, they find they are not as welcome as they thought they would be.","

7.3
","
75        
        Metascore
            ","447,252",$436.47M,comedy
4,Toy Story 4,(2019),G,100 min,"
Animation, Adventure, Comedy            ","
When a new toy called ""Forky"" joins Woody and the gang, a road trip alongside old and new friends reveals how big the world can be for a toy.","

7.7
","
84        
        Metascore
            ","234,326",$434.04M,comedy
5,Toy Story 3,(2010),G,103 min,"
Animation, Adventure, Comedy            ","
The toys are mistakenly delivered to a day-care center instead of the attic right before Andy leaves for college, and it's up to Woody to convince the other toys that they weren't abandoned and to return home.","

8.3
","
92        
        Metascore
            ","806,092",$415.00M,comedy
6,Jumanji: Welcome to the Jungle,(2017),PG-13,119 min,"
Action, Adventure, Comedy            ","
Four teenagers are sucked into a magical video game, and the only way they can escape is to work together to finish the game.","

6.9
","
58        
        Metascore
            ","360,029",$404.52M,comedy
7,Frozen,(I) (2013),PG,102 min,"
Animation, Adventure, Comedy            ","
When the newly crowned Queen Elsa accidentally uses her power to turn things into ice to curse her home in infinite winter, her sister Anna teams up with a mountain man, his playful reindeer, and a snowman to change the weather condition.","

7.5
","
75        
        Metascore
            ","606,636",$400.74M,comedy
8,Guardians of the Galaxy Vol. 2,(2017),PG-13,136 min,"
Action, Adventure, Comedy            ","
The Guardians struggle to keep together as a team while dealing with their personal family issues, notably Star-Lord's encounter with his father the ambitious celestial being Ego.","

7.6
","
67        
        Metascore
            ","640,166",$389.81M,comedy
9,Finding Nemo,(2003),G,100 min,"
Animation, Adventure, Comedy            ","
After his son is captured in the Great Barrier Reef and taken to Sydney, a timid clownfish sets out on a journey to bring him home.","

8.2
","
90        
        Metascore
            ","1,008,303",$380.84M,comedy
10,The Secret Life of Pets,(2016),PG,87 min,"
Animation, Adventure, Comedy            ","
The quiet life of a terrier named Max is upended when his owner takes in Duke, a stray whom Max instantly dislikes.","

6.5
","
61        
        Metascore
            ","196,500",$368.38M,comedy
11,Despicable Me 2,(2013),PG,98 min,"
Animation, Adventure, Comedy            ","
When Gru, the world's most super-bad turned super-dad has been recruited by a team of officials to stop lethal muscle and a host of Gru's own, He has to fight back with new gadgetry, cars, and more minion madness.","

7.3
","
62        
        Metascore
            ","388,871",$368.06M,comedy
12,Deadpool,(2016),R,108 min,"
Action, Adventure, Comedy            ","
A wisecracking mercenary gets experimented on and becomes immortal but ugly, and sets out to track down the man who ruined his looks.","

8.0
","
65        
        Metascore
            ","983,802",$363.07M,comedy
13,Inside Out,(I) (2015),PG,95 min,"
Animation, Adventure, Comedy            ","
After young Riley is uprooted from her Midwest life and moved to San Francisco, her emotions - Joy, Fear, Anger, Disgust and Sadness - conflict on how best to navigate a new city, house, and school.","

8.2
","
94        
        Metascore
            ","678,710",$356.46M,comedy
14,Aladdin,(2019),PG,128 min,"
Adventure, Comedy, Family            ","
A kind-hearted street urchin and a power-hungry Grand Vizier vie for a magic lamp that has the power to make their deepest wishes come true.","

6.9
","
53        
        Metascore
            ","254,382",$355.56M,comedy
15,Zootopia,(2016),PG,108 min,"
Animation, Adventure, Comedy            ","
In a city of anthropomorphic animals, a rookie bunny cop and a cynical con artist fox must work together to uncover a conspiracy.","

8.0
","
78        
        Metascore
            ","475,573",$341.27M,comedy
16,Minions,(2015),PG,91 min,"
Animation, Adventure, Comedy            ","
Minions Stuart, Kevin, and Bob are recruited by Scarlet Overkill, a supervillain who, alongside her inventor husband Herb, hatches a plot to take over the world.","

6.4
","
56        
        Metascore
            ","227,370",$336.05M,comedy
17,Guardians of the Galaxy,(2014),PG-13,121 min,"
Action, Adventure, Comedy            ","
A group of intergalactic criminals must pull together to stop a fanatical warrior with plans to purge the universe.","

8.1
","
76        
        Metascore
            ","1,128,163",$333.18M,comedy
18,Deadpool 2,(2018),R,119 min,"
Action, Adventure, Comedy            ","
Foul-mouthed mutant mercenary Wade Wilson (a.k.a. Deadpool) assembles a team of fellow mutant rogues to protect a young boy with supernatural abilities from the brutal, time-traveling cyborg Cable.","

7.7
","
66        
        Metascore
            ","544,368",$324.59M,comedy
19,Shrek the Third,(2007),PG,93 min,"
Animation, Adventure, Comedy            ","
Reluctantly designated as the heir to the land of Far, Far Away, Shrek hatches a plan to install the rebellious Artie as the new king while Princess Fiona tries to fend off a coup d'état by the jilted Prince Charming.","

6.1
","
58        
        Metascore
            ","297,984",$320.71M,comedy
20,Jumanji: The Next Level,(2019),PG-13,123 min,"
Action, Adventure, Comedy            ","
In Jumanji: The Next Level, the gang is back but the game has changed. As they return to rescue one of their own, the players will have to brave parts unknown from arid deserts to snowy mountains, to escape the world's most dangerous game.","

6.7
","
58        
        Metascore
            ","233,433",$316.83M,comedy
21,Thor: Ragnarok,(2017),PG-13,130 min,"
Action, Adventure, Comedy            ","
Imprisoned on the planet Sakaar, Thor must race against time to return to Asgard and stop Ragnarök, the destruction of his world, at the hands of the powerful and ruthless villain Hela.","

7.9
","
74        
        Metascore
            ","684,527",$315.06M,comedy
22,Up,(2009),PG,96 min,"
Animation, Adventure, Comedy            ","
78-year-old Carl Fredricksen travels to Paradise Falls in his house equipped with balloons, inadvertently taking a young stowaway.","

8.3
","
88        
        Metascore
            ","1,003,949",$293.00M,comedy
23,"Monsters, Inc.",(2001),G,92 min,"
Animation, Adventure, Comedy            ","
In order to power the city, monsters have to scare children so that they scream. However, the children are toxic to the monsters, and after a child gets through, two monsters realize things may not be what they think.","

8.1
","
79        
        Metascore
            ","874,580",$289.92M,comedy
24,Home Alone,(1990),PG,103 min,"
Comedy, Family            ","
An eight-year-old troublemaker must protect his house from a pair of burglars when he is accidentally left home alone by his family during Christmas vacation.","

7.7
","
63        
        Metascore
            ","548,894",$285.76M,comedy
25,Meet the Fockers,(2004),PG-13,115 min,"
Comedy, Romance            ","
All hell breaks loose when the Byrnes family meets the Focker family for the first time.","

6.3
","
41        
        Metascore
            ","265,792",$279.26M,comedy
26,The Hangover,(2009),R,100 min,"
Comedy            ","
Three buddies wake up from a bachelor party in Las Vegas, with no memory of the previous night and the bachelor missing. They make their way around the city in order to find their friend before his wedding.","

7.7
","
73        
        Metascore
            ","761,214",$277.32M,comedy
27,The Grinch,(2018),PG,85 min,"
Animation, Adventure, Comedy            ","
A grumpy Grinch plots to ruin Christmas for the village of Whoville.","

6.3
","
51        
        Metascore
            ","67,348",$270.62M,comedy
28,Sing,(2016),PG,108 min,"
Animation, Comedy, Family            ","
In a city of humanoid animals, a hustling theater impresario's attempt to save his theater with a singing competition becomes grander than he anticipates even as its finalists find that their lives will never be the same.","

7.1
","
59        
        Metascore
            ","159,072",$270.40M,comedy
29,Monsters University,(2013),G,104 min,"
Animation, Adventure, Comedy            ","
A look at the relationship between Mike Wazowski (Billy Crystal) and James P. ""Sully"" Sullivan (John Goodman) during their days at Monsters University, when they weren't necessarily the best of friends.","

7.3
","
65        
        Metascore
            ","346,879",$268.49M,comedy
30,Shrek,(2001),PG,90 min,"
Animation, Adventure, Comedy            ","
A mean lord exiles fairytale creatures to the swamp of a grumpy ogre, who must go on a quest and rescue a princess for the lord in order to get his land back.","

7.9
","
84        
        Metascore
            ","653,391",$267.67M,comedy
31,Despicable Me 3,(2017),PG,89 min,"
Animation, Adventure, Comedy            ","
Gru meets his long-lost, charming, cheerful, and more successful twin brother Dru, who wants to team up with him for one last criminal heist.","

6.3
","
49        
        Metascore
            ","127,544",$264.62M,comedy
32,How the Grinch Stole Christmas,(2000),PG,104 min,"
Comedy, Family, Fantasy            ","
On the outskirts of Whoville lives a green, revenge-seeking Grinch who plans to ruin Christmas for all of the citizens of the town.","

6.2
","
46        
        Metascore
            ","238,822",$260.04M,comedy
33,The Lego Movie,(2014),PG,100 min,"
Animation, Action, Adventure            ","
An ordinary LEGO construction worker, thought to be the prophesied as ""special"", is recruited to join a quest to stop an evil tyrant from gluing the LEGO universe into eternal stasis.","

7.7
","
83        
        Metascore
            ","342,729",$257.76M,comedy
34,The Hangover Part II,(2011),R,102 min,"
Comedy            ","
Two years after the bachelor party in Las Vegas, Phil, Stu, Alan, and Doug jet to Thailand for Stu's wedding. Stu's plan for a subdued pre-wedding brunch, however, goes seriously awry.","

6.5
","
44        
        Metascore
            ","487,512",$254.46M,comedy
35,Despicable Me,(2010),PG,95 min,"
Animation, Adventure, Comedy            ","
When a criminal mastermind uses a trio of orphan girls as pawns for a grand scheme, he finds their love is profoundly changing him for the better.","

7.6
","
72        
        Metascore
            ","529,088",$251.51M,comedy
36,Night at the Museum,(2006),PG,108 min,"
Adventure, Comedy, Family            ","
A newly recruited night security guard at the Museum of Natural History discovers that an ancient curse causes the animals and exhibits on display to come to life and wreak havoc.","

6.4
","
48        
        Metascore
            ","336,678",$250.86M,comedy
37,Men in Black,(1997),PG-13,98 min,"
Action, Adventure, Comedy            ","
A police officer joins a secret organization that polices and monitors extraterrestrial interactions on Earth.","

7.3
","
71        
        Metascore
            ","549,510",$250.69M,comedy
38,Moana,(I) (2016),PG,107 min,"
Animation, Adventure, Comedy            ","
In Ancient Polynesia, when a terrible curse incurred by the Demigod Maui reaches Moana's island, she answers the Ocean's call to seek out the Demigod to set things right.","

7.6
","
81        
        Metascore
            ","314,716",$248.76M,comedy
39,Toy Story 2,(1999),G,92 min,"
Animation, Adventure, Comedy            ","
When Woody is stolen by a toy collector, Buzz and his friends set out on a rescue mission to save Woody before he becomes a museum toy property with his roundup gang Jessie, Prospector, and Bullseye.","

7.9
","
88        
        Metascore
            ","561,331",$245.85M,comedy
40,Cars,(2006),G,117 min,"
Animation, Adventure, Comedy            ","
A hot-shot race-car named Lightning McQueen gets waylaid in Radiator Springs, where he finds the true meaning of friendship and family.","

7.2
","
73        
        Metascore
            ","400,761",$244.08M,comedy
41,Bruce Almighty,(2003),PG-13,101 min,"
Comedy, Fantasy            ","
A guy who complains about God too often is given almighty powers to teach him how difficult it is to run the world.","

6.8
","
46        
        Metascore
            ","392,247",$242.83M,comedy
42,My Big Fat Greek Wedding,(2002),PG,95 min,"
Comedy, Drama, Romance            ","
A young Greek woman falls in love with a non-Greek and struggles to get her family to accept him while she comes to terms with her heritage and cultural identity.","

6.6
","
62        
        Metascore
            ","128,376",$241.44M,comedy
43,Ghostbusters,(1984),PG,105 min,"
Action, Comedy, Fantasy            ","
Three parapsychologists forced out of their university funding set up shop as a unique ghost removal service in New York City, attracting frightened yet skeptical customers.","

7.8
","
71        
        Metascore
            ","401,279",$238.63M,comedy
44,Shrek Forever After,(2010),PG,93 min,"
Animation, Adventure, Comedy            ","
Rumpelstiltskin tricks a mid-life crisis burdened Shrek into allowing himself to be erased from existence and cast in a dark alternate timeline where Rumpelstiltskin rules supreme.","

6.3
","
58        
        Metascore
            ","198,076",$238.37M,comedy
45,Brave,(2012),PG,93 min,"
Animation, Adventure, Comedy            ","
Determined to make her own path in life, Princess Merida defies a custom that brings chaos to her kingdom. Granted one wish, Merida must rely on her bravery and her archery skills to undo a beastly curse.","

7.1
","
69        
        Metascore
            ","398,297",$237.28M,comedy
46,Beverly Hills Cop,(1984),R,105 min,"
Action, Comedy, Crime            ","
A freewheeling Detroit cop pursuing a murder investigation finds himself dealing with the very different culture of Beverly Hills.","

7.4
","
66        
        Metascore
            ","178,550",$234.76M,comedy
47,Rush Hour 2,(2001),PG-13,90 min,"
Action, Comedy, Crime            ","
Carter and Lee head to Hong Kong for a vacation, but become embroiled in a counterfeit money scam.","

6.6
","
48        
        Metascore
            ","213,370",$226.16M,comedy
48,Big Hero 6,(2014),PG,102 min,"
Animation, Action, Adventure            ","
A special bond develops between plus-sized inflatable robot Baymax and prodigy Hiro Hamada, who together team up with a group of friends to form a band of high-tech heroes.","

7.8
","
74        
        Metascore
            ","443,172",$222.53M,comedy
49,Alvin and the Chipmunks: The Squeakquel,(2009),PG,88 min,"
Animation, Adventure, Comedy            ","
The world-famous singing preteen chipmunk trio return to contend with the pressures of school, celebrity, and a rival female music group known as The Chipettes.","

4.5
","
41        
        Metascore
            ","47,760",$219.61M,comedy
0,Mrs. Doubtfire,(1993),PG-13,125 min,"
Comedy, Drama            ","
After a bitter divorce, an actor disguises himself as a female housekeeper to spend time with his children held in custody by his former wife.","

7.1
","
53        
        Metascore
            ","262,462",$219.20M,comedy
1,Ted,(2012),R,106 min,"
Comedy            ","
John Bennett, a man whose childhood wish of bringing his teddy bear to life came true, now must decide between keeping the relationship with the bear, Ted or his girlfriend, Lori.","

6.9
","
62        
        Metascore
            ","597,767",$218.82M,comedy
2,How to Train Your Dragon,(2010),PG,98 min,"
Animation, Action, Adventure            ","
A hapless young Viking who aspires to hunt dragons becomes the unlikely friend of a young dragon himself, and learns there may be more to the creatures than he assumed.","

8.1
","
75        
        Metascore
            ","712,459",$217.58M,comedy
3,Aladdin,(1992),G,90 min,"
Animation, Adventure, Comedy            ","
A kindhearted street urchin and a power-hungry Grand Vizier vie for a magic lamp that has the power to make their deepest wishes come true.","

8.1
","
86        
        Metascore
            ","396,632",$217.35M,comedy
4,Alvin and the Chipmunks,(2007),PG,92 min,"
Animation, Adventure, Comedy            ","
Three musical chipmunks are discovered by an aspiring songwriter who wants to use their amazing singing abilities to become famous.","

5.2
","
39        
        Metascore
            ","83,173",$217.33M,comedy
5,Ant-Man and the Wasp,(2018),PG-13,118 min,"
Action, Adventure, Comedy            ","
As Scott Lang balances being both a superhero and a father, Hope van Dyne and Dr. Hank Pym present an urgent new mission that finds the Ant-Man fighting alongside The Wasp to uncover secrets from their past.","

7.0
","
70        
        Metascore
            ","370,979",$216.65M,comedy
6,Madagascar 3: Europe's Most Wanted,(2012),PG,93 min,"
Animation, Adventure, Comedy            ","
The Madagascar animals join a struggling European circus to get back to New York, but find themselves being pursued by a psychotic animal control officer.","

6.8
","
60        
        Metascore
            ","175,786",$216.39M,comedy
7,Kung Fu Panda,(2008),PG,92 min,"
Animation, Action, Adventure            ","
To everyone's surprise, including his own, Po, an overweight, clumsy panda, is chosen as protector of the Valley of Peace. His suitability will soon be tested as the valley's arch-enemy is on his way.","

7.6
","
74        
        Metascore
            ","450,949",$215.43M,comedy
8,The Lorax,(2012),PG,86 min,"
Animation, Adventure, Comedy            ","
A 12-year-old boy searches for the one thing that will enable him to win the affection of the girl of his dreams. To find it he must discover the story of the Lorax, the grumpy yet charming creature who fights to protect his world.","

6.4
","
46        
        Metascore
            ","108,544",$214.03M,comedy
9,Austin Powers in Goldmember,(2002),PG-13,94 min,"
Action, Adventure, Comedy            ","
Upon learning that his father has been kidnapped, Austin Powers must travel to 1975 and defeat the aptly named villain Goldmember, who is working with Dr. Evil.","

6.2
","
62        
        Metascore
            ","205,704",$213.31M,comedy
10,Back to the Future,(1985),PG,116 min,"
Adventure, Comedy, Sci-Fi            ","
Marty McFly, a 17-year-old high school student, is accidentally sent thirty years into the past in a time-traveling DeLorean invented by his close friend, the eccentric scientist Doc Brown.","

8.6
","
87        
        Metascore
            ","1,148,179",$210.61M,comedy
11,Coco,(I) (2017),PG,105 min,"
Animation, Adventure, Comedy            ","
Aspiring musician Miguel, confronted with his family's ancestral ban on music, enters the Land of the Dead to find his great-great-grandfather, a legendary singer.","

8.4
","
81        
        Metascore
            ","466,186",$209.73M,comedy
12,Wedding Crashers,(2005),R,119 min,"
Comedy, Romance            ","
John Beckwith and Jeremy Grey, a pair of committed womanizers who sneak into weddings to take advantage of the romantic tinge in the air, find themselves at odds with one another when John meets and falls for Claire Cleary.","

7.0
","
64        
        Metascore
            ","348,050",$209.22M,comedy
13,Charlie and the Chocolate Factory,(2005),PG,115 min,"
Adventure, Comedy, Family            ","
A young boy wins a tour through the most magnificent chocolate factory in the world, led by the world's most unusual candy maker.","

6.7
","
72        
        Metascore
            ","461,344",$206.46M,comedy
14,Ratatouille,(2007),G,111 min,"
Animation, Adventure, Comedy            ","
A rat who can cook makes an unusual alliance with a young kitchen worker at a famous Paris restaurant.","

8.1
","
96        
        Metascore
            ","690,411",$206.45M,comedy
15,Bad Boys for Life,(2020),R,124 min,"
Action, Comedy, Crime            ","
Miami detectives Mike Lowrey and Marcus Burnett must face off against a mother-and-son pair of drug lords who wreak vengeful havoc on their city.","

6.5
","
59        
        Metascore
            ","153,101",$206.31M,comedy
16,Austin Powers: The Spy Who Shagged Me,(1999),PG-13,95 min,"
Action, Adventure, Comedy            ","
Dr. Evil is back and has invented a new time machine that allows him to go back to the 1960s and steal Austin Powers' mojo, inadvertently leaving him ""shagless"".","

6.6
","
59        
        Metascore
            ","228,321",$206.04M,comedy
17,Ralph Breaks the Internet,(2018),PG,112 min,"
Animation, Adventure, Comedy            ","
Six years after the events of ""Wreck-It Ralph,"" Ralph and Vanellope, now friends, discover a wi-fi router in their arcade, leading them into a new adventure.","

7.0
","
71        
        Metascore
            ","151,991",$201.09M,comedy
18,Tangled,(2010),PG,100 min,"
Animation, Adventure, Comedy            ","
The magically long-haired Rapunzel has spent her entire life in a tower, but now that a runaway thief has stumbled upon her, she is about to discover the world for the first time, and who she really is.","

7.8
","
71        
        Metascore
            ","435,816",$200.82M,comedy
19,Monsters vs. Aliens,(2009),PG,94 min,"
Animation, Action, Adventure            ","
A woman transformed into a giant after she is struck by a meteorite on her wedding day becomes part of a team of monsters sent in by the U.S. government to defeat an alien mastermind trying to take over Earth.","

6.5
","
56        
        Metascore
            ","157,699",$198.35M,comedy
20,Happy Feet,(2006),PG,108 min,"
Animation, Adventure, Comedy            ","
Into the world of the Emperor Penguins, who find their soul mates through song, a penguin is born who cannot sing. But he can tap dance something fierce!","

6.4
","
77        
        Metascore
            ","181,249",$198.00M,comedy
21,Ice Age: Dawn of the Dinosaurs,(2009),PG,94 min,"
Animation, Adventure, Comedy            ","
When Sid's attempt to adopt three dinosaur eggs gets him abducted by their real mother to an underground lost world, his friends attempt to rescue him.","

6.9
","
50        
        Metascore
            ","238,754",$196.57M,comedy
22,Ice Age: The Meltdown,(2006),PG,91 min,"
Animation, Adventure, Comedy            ","
Manny, Sid, and Diego discover that the ice age is coming to an end, and join everybody for a journey to higher ground. On the trip, they discover that Manny, in fact, is not the last of the woolly mammoths.","

6.8
","
60        
        Metascore
            ","271,531",$195.33M,comedy
23,Madagascar,(2005),PG,86 min,"
Animation, Adventure, Comedy            ","
A group of animals who have spent all their life in a New York zoo end up in the jungles of Madagascar, and must adjust to living in the wild.","

6.9
","
57        
        Metascore
            ","390,331",$193.60M,comedy
24,Toy Story,(1995),G,81 min,"
Animation, Adventure, Comedy            ","
A cowboy doll is profoundly threatened and jealous when a new spaceman figure supplants him as top toy in a boy's room.","

8.3
","
95        
        Metascore
            ","953,784",$191.80M,comedy
25,22 Jump Street,(2014),R,112 min,"
Action, Comedy, Crime            ","
After making their way through high school (twice), big changes are in store for officers Schmidt and Jenko when they go deep undercover at a local college.","

7.0
","
71        
        Metascore
            ","366,701",$191.72M,comedy
26,Cars 2,(2011),G,106 min,"
Animation, Adventure, Comedy            ","
Star race car Lightning McQueen and his pal Mater head overseas to compete in the World Grand Prix race. But the road to the championship becomes rocky as Mater gets caught up in an intriguing adventure of his own: international espionage.","

6.2
","
57        
        Metascore
            ","178,922",$191.45M,comedy
27,Teenage Mutant Ninja Turtles,(2014),PG-13,101 min,"
Action, Adventure, Comedy            ","
When a kingpin threatens New York City, a group of mutated turtle warriors must emerge from the shadows to protect their home.","

5.8
","
31        
        Metascore
            ","208,067",$191.20M,comedy
28,Men in Black II,(2002),PG-13,88 min,"
Action, Adventure, Comedy            ","
Agent Jay is sent to find Agent Kay and restore his memory after the re-appearance of a case from Kay's past.","

6.1
","
49        
        Metascore
            ","364,327",$190.42M,comedy
29,Spider-Man: Into the Spider-Verse,(2018),PG,117 min,"
Animation, Action, Adventure            ","
Teen Miles Morales becomes the Spider-Man of his universe, and must join with five spider-powered individuals from other dimensions to stop a threat for all realities.","

8.4
","
87        
        Metascore
            ","475,573",$190.24M,comedy
30,Wreck-It Ralph,(2012),PG,101 min,"
Animation, Adventure, Comedy            ","
A video game villain wants to be a hero and sets out to fulfill his dream, but his quest brings havoc to the whole arcade where he lives.","

7.7
","
72        
        Metascore
            ","407,521",$189.42M,comedy
31,Grease,(1978),PG,110 min,"
Comedy, Musical, Romance            ","
Good girl Sandy Olsson and greaser Danny Zuko fell in love over the summer. When they unexpectedly discover they're now in the same high school, will they be able to rekindle their romance?","

7.2
","
70        
        Metascore
            ","260,981",$188.76M,comedy
32,The Croods,(2013),PG,98 min,"
Animation, Adventure, Comedy            ","
After their cave is destroyed, a caveman family must trek through an unfamiliar fantastical world with the help of an inventive boy.","

7.2
","
55        
        Metascore
            ","208,482",$187.17M,comedy
33,Mr. & Mrs. Smith,(2005),PG-13,120 min,"
Action, Comedy, Crime            ","
A bored married couple is surprised to learn that they are both assassins hired by competing agencies to kill each other.","

6.5
","
55        
        Metascore
            ","479,673",$186.34M,comedy
34,Pitch Perfect 2,(2015),PG-13,115 min,"
Comedy, Music            ","
After a humiliating command performance at The Kennedy Center, the Barden Bellas enter an international competition that no American group has ever won in order to regain their status and right to perform.","

6.4
","
63        
        Metascore
            ","152,829",$184.30M,comedy
35,The Polar Express,(2004),G,100 min,"
Animation, Adventure, Comedy            ","
On Christmas Eve, a young boy embarks on a magical adventure to the North Pole on the Polar Express, while learning about friendship, bravery, and the spirit of Christmas.","

6.6
","
61        
        Metascore
            ","200,055",$183.37M,comedy
36,The Simpsons Movie,(2007),PG-13,87 min,"
Animation, Adventure, Comedy            ","
After Homer pollutes the town's water supply, Springfield is encased in a gigantic dome by the EPA and the Simpsons are declared fugitives.","

7.3
","
80        
        Metascore
            ","323,093",$183.14M,comedy
37,What Women Want,(2000),PG-13,127 min,"
Comedy, Fantasy, Romance            ","
A cocky, chauvinistic advertising executive magically acquires the ability to hear what women are thinking.","

6.4
","
47        
        Metascore
            ","204,207",$182.81M,comedy
38,Liar Liar,(1997),PG-13,86 min,"
Comedy, Fantasy            ","
A fast-track lawyer can't lie for 24 hours due to his son's birthday wish after he disappoints his son for the last time.","

6.9
","
70        
        Metascore
            ","299,888",$181.41M,comedy
39,Ant-Man,(2015),PG-13,117 min,"
Action, Adventure, Comedy            ","
Armed with a super-suit with the astonishing ability to shrink in scale but increase in strength, cat burglar Scott Lang must embrace his inner hero and help his mentor, Dr. Hank Pym, pull off a plan that will save the world.","

7.3
","
64        
        Metascore
            ","633,422",$180.20M,comedy
40,Madagascar: Escape 2 Africa,(2008),PG,89 min,"
Animation, Adventure, Comedy            ","
The Madagascar animals fly back to New York City, but crash-land on an African nature reserve, where they meet others of their own kind, and Alex especially discovers his royal heritage as prince of a lion pride.","

6.7
","
61        
        Metascore
            ","220,304",$180.01M,comedy
41,Hitch,(I) (2005),PG-13,118 min,"
Comedy, Romance            ","
A smooth-talking man falls for a hardened columnist while helping a shy accountant woo a beautiful heiress.","

6.7
","
58        
        Metascore
            ","310,983",$179.50M,comedy
42,Men in Black 3,(2012),PG-13,106 min,"
Action, Adventure, Comedy            ","
Agent J travels in time to M.I.B.'s early days in 1969 to stop an alien from assassinating his friend Agent K and changing history.","

6.8
","
58        
        Metascore
            ","353,384",$179.02M,comedy
43,Pretty Woman,(1990),R,119 min,"
Comedy, Romance            ","
A man in a legal but hurtful business needs an escort for some social events, and hires a beautiful prostitute he meets... only to fall in love.","

7.1
","
51        
        Metascore
            ","313,198",$178.41M,comedy
44,Home,(II) (2015),PG,94 min,"
Animation, Adventure, Comedy            ","
An alien on the run from his own people makes friends with a girl. He tries to help her on her quest, but can be an interference.","

6.6
","
55        
        Metascore
            ","99,805",$177.40M,comedy
45,Night at the Museum: Battle of the Smithsonian,(2009),PG,105 min,"
Adventure, Comedy, Family            ","
Security guard Larry Daley infiltrates the Smithsonian Institution in order to rescue Jedediah and Octavius, who have been shipped to the museum by mistake.","

6.0
","
42        
        Metascore
            ","190,697",$177.24M,comedy
46,Tootsie,(1982),PG,116 min,"
Comedy, Drama, Romance            ","
Michael Dorsey, an unsuccessful actor, disguises himself as a woman in order to get a role on a trashy hospital soap.","

7.4
","
88        
        Metascore
            ","104,168",$177.20M,comedy
47,How to Train Your Dragon 2,(2014),PG,102 min,"
Animation, Action, Adventure            ","
When Hiccup and Toothless discover an ice cave that is home to hundreds of new wild dragons and the mysterious Dragon Rider, the two friends find themselves at the center of a battle to protect the peace.","

7.8
","
77        
        Metascore
            ","324,567",$177.00M,comedy
48,There's Something About Mary,(1998),R,119 min,"
Comedy, Romance            ","
A man gets a chance to meet up with his dream girl from high school, even though his date with her back then was a complete disaster.","

7.1
","
69        
        Metascore
            ","305,574",$176.48M,comedy
49,Ice Age,(2002),PG,81 min,"
Animation, Adventure, Comedy            ","
The story revolves around sub-zero heroes: a woolly mammoth, a saber-toothed tiger, a sloth and a prehistoric combination of a squirrel and rat, known as Scrat.","

7.5
","
61        
        Metascore
            ","469,255",$176.39M,comedy
0,The Lego Batman Movie,(2017),PG,104 min,"
Animation, Action, Adventure            ","
A cooler-than-ever Bruce Wayne must deal with the usual suspects as they plan to rule Gotham City, while discovering that he has accidentally adopted a teenage orphan who wishes to become his sidekick.","

7.3
","
75        
        Metascore
            ","142,743",$175.75M,comedy
1,The Boss Baby,(2017),PG,97 min,"
Animation, Adventure, Comedy            ","
A suit-wearing, briefcase-carrying baby pairs up with his 7-year old brother to stop the dastardly plot of the CEO of Puppy Co.","

6.3
","
50        
        Metascore
            ","121,673",$175.00M,comedy
2,Crocodile Dundee,(1986),PG-13,97 min,"
Action, Adventure, Comedy            ","
An American reporter goes to the Australian outback to meet an eccentric crocodile poacher and invites him to New York City.","

6.6
","
62        
        Metascore
            ","102,591",$174.64M,comedy
3,Crazy Rich Asians,(2018),PG-13,120 min,"
Comedy, Drama, Romance            ","
This contemporary romantic comedy, based on a global bestseller, follows native New Yorker Rachel Chu to Singapore to meet her boyfriend's family.","

6.9
","
74        
        Metascore
            ","164,020",$174.53M,comedy
4,Home Alone 2: Lost in New York,(1992),PG,120 min,"
Adventure, Comedy, Crime            ","
One year after Kevin McCallister was left home alone and had to defeat a pair of bumbling burglars, he accidentally finds himself stranded in New York City - and the same criminals are not far behind.","

6.8
","
46        
        Metascore
            ","342,519",$173.59M,comedy
5,Elf,(2003),PG,97 min,"
Adventure, Comedy, Family            ","
Raised as an over-sized elf, a human travels from the North Pole to NYC to meet his biological father who doesn't know he exists and is in desperate need of some Christmas spirit.","

7.0
","
64        
        Metascore
            ","259,644",$173.40M,comedy
6,Mary Poppins Returns,(2018),PG,130 min,"
Adventure, Comedy, Family            ","
A few decades after her original visit, Mary Poppins, the magical nanny, returns to help the Banks siblings and Michael's children through a difficult time in their lives.","

6.7
","
66        
        Metascore
            ","85,792",$171.96M,comedy
7,Tarzan,(1999),G,88 min,"
Animation, Adventure, Comedy            ","
A man raised by gorillas must decide where he really belongs when he discovers he is a human.","

7.3
","
79        
        Metascore
            ","218,727",$171.09M,comedy
8,Chicago,(2002),PG-13,113 min,"
Comedy, Crime, Musical            ","
Two death-row murderesses develop a fierce rivalry while competing for publicity, celebrity, and a sleazy lawyer's attention.","

7.2
","
81        
        Metascore
            ","226,201",$170.69M,comedy
9,Hotel Transylvania 2,(2015),PG,89 min,"
Animation, Adventure, Comedy            ","
Dracula and his friends try to bring out the monster in his half human, half vampire grandson in order to keep Mavis from leaving the hotel.","

6.7
","
44        
        Metascore
            ","122,184",$169.70M,comedy
10,Bridesmaids,(I) (2011),R,125 min,"
Comedy, Romance            ","
Competition between the maid of honor and a bridesmaid, over who is the bride's best friend, threatens to upend the life of an out-of-work pastry chef.","

6.8
","
75        
        Metascore
            ","285,872",$169.11M,comedy
11,Wild Hogs,(2007),PG-13,100 min,"
Action, Adventure, Comedy            ","
A group of suburban biker wannabes looking for adventure hit the open road, but get more than they bargained for when they encounter a New Mexico gang called the Del Fuegos.","

5.9
","
27        
        Metascore
            ","117,530",$168.27M,comedy
12,Three Men and a Baby,(1987),PG,102 min,"
Comedy, Drama, Family            ","
Three bachelors find themselves forced to take care of a baby left by one of the guys' girlfriends.","

6.1
","
61        
        Metascore
            ","52,471",$167.78M,comedy
13,Hotel Transylvania 3: Summer Vacation,(2018),PG,97 min,"
Animation, Adventure, Comedy            ","
Count Dracula and company participate in a cruise for sea-loving monsters, unaware that their boat is being commandeered by the monster-hating Van Helsing family.","

6.3
","
54        
        Metascore
            ","69,934",$167.51M,comedy
14,Meet the Parents,(2000),PG-13,108 min,"
Comedy, Romance            ","
Male nurse Greg Focker meets his girlfriend's parents before proposing, but her suspicious father is every date's worst nightmare.","

7.0
","
73        
        Metascore
            ","327,322",$166.24M,comedy
15,Knives Out,(2019),PG-13,130 min,"
Comedy, Crime, Drama            ","
A detective investigates the death of the patriarch of an eccentric, combative family.","

7.9
","
82        
        Metascore
            ","577,420",$165.36M,comedy
16,Kung Fu Panda 2,(2011),PG,90 min,"
Animation, Action, Adventure            ","
Po and his friends fight to stop a peacock villain from conquering China with a deadly new weapon, but first the Dragon Warrior must come to terms with his past.","

7.2
","
67        
        Metascore
            ","273,704",$165.25M,comedy
17,The Proposal,(I) (2009),PG-13,108 min,"
Comedy, Drama, Romance            ","
A pushy boss forces her young assistant to marry her in order to keep her visa status in the U.S. and avoid deportation to Canada.","

6.7
","
48        
        Metascore
            ","317,778",$163.96M,comedy
18,Big Daddy,(1999),PG-13,93 min,"
Comedy, Drama            ","
A lazy law-school grad adopts a kid to impress his girlfriend, but everything doesn't go as planned and he becomes the unlikely foster father.","

6.4
","
41        
        Metascore
            ","211,728",$163.48M,comedy
19,The SpongeBob Movie: Sponge Out of Water,(2015),PG,92 min,"
Animation, Adventure, Comedy            ","
When a diabolical pirate above the sea steals the secret Krabby Patty formula, SpongeBob and his nemesis Plankton must team up in order to get it back.","

6.0
","
62        
        Metascore
            ","53,791",$162.99M,comedy
20,A Bug's Life,(1998),G,95 min,"
Animation, Adventure, Comedy            ","
A misfit ant, looking for ""warriors"" to save his colony from greedy grasshoppers, recruits a group of bugs that turn out to be an inept circus troupe.","

7.2
","
77        
        Metascore
            ","284,078",$162.80M,comedy
21,Grown Ups,(I) (2010),PG-13,102 min,"
Comedy            ","
After their high school basketball coach passes away, five good friends and former teammates reunite for a Fourth of July holiday weekend.","

5.9
","
30        
        Metascore
            ","244,511",$162.00M,comedy
22,The Waterboy,(1998),PG-13,90 min,"
Comedy, Sport            ","
A waterboy for a college football team discovers he has a unique tackling ability and becomes a member of the team.","

6.1
","
41        
        Metascore
            ","159,639",$161.49M,comedy
23,Ice Age: Continental Drift,(2012),PG,88 min,"
Animation, Adventure, Comedy            ","
Manny, Diego, and Sid embark upon another adventure after their continent is set adrift. Using an iceberg as a ship, they encounter sea creatures and battle pirates as they explore a new world.","

6.5
","
49        
        Metascore
            ","204,096",$161.32M,comedy
24,Shark Tale,(2004),PG,90 min,"
Animation, Adventure, Comedy            ","
When a son of a gangster shark boss is accidentally killed while on the hunt, his would-be prey and his vegetarian brother decide to use the incident to their own advantage.","

6.0
","
48        
        Metascore
            ","178,156",$160.86M,comedy
25,How to Train Your Dragon: The Hidden World,(2019),PG,104 min,"
Animation, Action, Adventure            ","
When Hiccup discovers Toothless isn't the only Night Fury, he must seek ""The Hidden World"", a secret Dragon Utopia before a hired tyrant named Grimmel finds it first.","

7.4
","
71        
        Metascore
            ","120,923",$160.80M,comedy
26,The Sting,(1973),PG,129 min,"
Comedy, Crime, Drama            ","
Two grifters team up to pull off the ultimate con.","

8.3
","
83        
        Metascore
            ","255,515",$159.60M,comedy
27,The Heat,(I) (2013),R,117 min,"
Action, Comedy, Crime            ","
An uptight FBI Special Agent is paired with a foul-mouthed Boston cop to take down a ruthless drug lord.","

6.6
","
60        
        Metascore
            ","169,279",$159.58M,comedy
28,The Secret Life of Pets 2,(2019),PG,86 min,"
Animation, Adventure, Comedy            ","
Continuing the story of Max and his pet friends, following their secret lives after their owners leave them for work or school each day.","

6.5
","
55        
        Metascore
            ","59,411",$158.87M,comedy
29,The Longest Yard,(2005),PG-13,113 min,"
Comedy, Crime, Sport            ","
Prison inmates form a football team to challenge the prison guards.","

6.4
","
48        
        Metascore
            ","174,880",$158.12M,comedy
30,Scary Movie,(2000),R,88 min,"
Comedy            ","
A year after disposing of the body of a man they accidentally killed, a group of dumb teenagers are stalked by a bumbling serial killer.","

6.2
","
48        
        Metascore
            ","252,598",$157.02M,comedy
31,Who Framed Roger Rabbit,(1988),PG,104 min,"
Animation, Adventure, Comedy            ","
A toon-hating detective is a cartoon rabbit's only hope to prove his innocence when he is accused of murder.","

7.7
","
83        
        Metascore
            ","195,266",$156.45M,comedy
32,Over the Hedge,(2006),PG,83 min,"
Animation, Adventure, Comedy            ","
A scheming raccoon fools a mismatched family of forest creatures into helping him repay a debt of food, by invading the new suburban sprawl that popped up while they were hibernating...and learns a lesson about family himself.","

6.7
","
67        
        Metascore
            ","170,625",$155.02M,comedy
33,Horton Hears a Who!,(2008),G,86 min,"
Animation, Adventure, Comedy            ","
Horton the Elephant struggles to protect a microscopic community from his neighbors who refuse to believe it exists.","

6.8
","
71        
        Metascore
            ","137,283",$154.53M,comedy
34,Jerry Maguire,(1996),R,139 min,"
Comedy, Drama, Romance            ","
When a sports agent has a moral epiphany and is fired for expressing it, he decides to put his new philosophy to the test as an independent agent with the only athlete who stays with him and his former colleague.","

7.3
","
77        
        Metascore
            ","258,068",$153.95M,comedy
35,Trolls,(2016),PG,92 min,"
Animation, Adventure, Comedy            ","
After the Bergens invade Troll Village, Poppy, the happiest Troll ever born, and the curmudgeonly Branch set off on a journey to rescue her friends.","

6.5
","
55        
        Metascore
            ","79,255",$153.71M,comedy
36,Beverly Hills Cop II,(1987),R,100 min,"
Action, Comedy, Crime            ","
Axel Foley returns to Beverly Hills to help Taggart and Rosewood investigate Chief Bogomil's near-fatal shooting and the series of ""alphabet crimes"" associated with it.","

6.5
","
48        
        Metascore
            ","116,936",$153.67M,comedy
37,Scooby-Doo,(2002),PG,86 min,"
Adventure, Comedy, Family            ","
After an acrimonious break up, the Mystery Inc. gang are individually brought to an island resort to investigate strange goings on.","

5.2
","
35        
        Metascore
            ","108,757",$153.29M,comedy
38,Cars 3,(2017),G,102 min,"
Animation, Adventure, Comedy            ","
Lightning McQueen sets out to prove to a new generation of racers that he's still the best race car in the world.","

6.7
","
59        
        Metascore
            ","91,175",$152.90M,comedy
39,Sex and the City,(2008),R,145 min,"
Comedy, Drama, Romance            ","
A New York City writer on sex and love is finally getting married to her Mr. Big. But her three best girlfriends must console her after one of them inadvertently leads Mr. Big to jilt her.","

5.7
","
53        
        Metascore
            ","121,070",$152.65M,comedy
40,Runaway Bride,(1999),PG,116 min,"
Comedy, Romance            ","
A reporter is assigned to write a story about a woman who has left a string of fiancés at the altar.","

5.6
","
39        
        Metascore
            ","97,417",$152.26M,comedy
41,La La Land,(2016),PG-13,128 min,"
Comedy, Drama, Music            ","
While navigating their careers in Los Angeles, a pianist and an actress fall in love while attempting to reconcile their aspirations for the future.","

8.0
","
94        
        Metascore
            ","558,654",$151.10M,comedy
42,We're the Millers,(2013),R,110 min,"
Comedy, Crime            ","
A veteran pot dealer creates a fake family as part of his plan to move a huge shipment of weed into the U.S. from Mexico.","

7.0
","
44        
        Metascore
            ","434,711",$150.39M,comedy
43,Daddy's Home,(2015),PG-13,96 min,"
Comedy, Family            ","
Brad Whitaker is a radio host trying to get his stepchildren to love him and call him Dad. But his plans turn upside down when their biological father, Dusty Mayron, returns.","

6.1
","
42        
        Metascore
            ","117,296",$150.36M,comedy
44,Neighbors,(I) (2014),R,97 min,"
Comedy            ","
After they are forced to live next to a fraternity house, a couple with a newborn baby do whatever they can to take them down.","

6.3
","
68        
        Metascore
            ","303,918",$150.16M,comedy
45,Puss in Boots,(2011),PG,90 min,"
Animation, Adventure, Comedy            ","
An outlaw cat, his childhood egg-friend and a seductive thief kitty set out in search for the eggs of the fabled Golden Goose to clear his name, restore his lost honor and regain the trust of his mother and town.","

6.6
","
65        
        Metascore
            ","154,351",$149.26M,comedy
46,Sonic the Hedgehog,(2020),PG,99 min,"
Action, Adventure, Comedy            ","
After discovering a small, blue, fast hedgehog, a small-town police officer must help him defeat an evil genius who wants to do experiments on him.","

6.5
","
47        
        Metascore
            ","115,566",$148.97M,comedy
47,Knocked Up,(2007),R,129 min,"
Comedy, Romance            ","
For fun-loving party animal Ben Stone, the last thing he ever expected was for his one-night stand to show up on his doorstep eight weeks later to tell him she's pregnant with his child.","

7.0
","
85        
        Metascore
            ","363,930",$148.73M,comedy
48,As Good as It Gets,(1997),PG-13,139 min,"
Comedy, Drama, Romance            ","
A single mother and waitress, a misanthropic author, and a gay artist form an unlikely friendship after the artist is assaulted in a robbery.","

7.7
","
67        
        Metascore
            ","292,901",$148.48M,comedy
49,Megamind,(2010),PG,95 min,"
Animation, Action, Comedy            ","
Evil genius Megamind finally defeats his do-gooder nemesis, Metro Man, but is left without a purpose in a superhero-free world.","

7.3
","
63        
        Metascore
            ","249,541",$148.42M,comedy
0,Little Fockers,(2010),PG-13,98 min,"
Comedy, Romance            ","
Family-patriarch Jack Byrnes wants to appoint a successor. Does his son-in-law, the male nurse Greg Focker, have what it takes?","

5.5
","
27        
        Metascore
            ","111,254",$148.38M,comedy
1,Hotel Transylvania,(2012),PG,91 min,"
Animation, Comedy, Family            ","
Dracula, who operates a high-end resort away from the human world, goes into overprotective mode when a boy discovers the resort and falls for the count's teenaged daughter.","

7.1
","
47        
        Metascore
            ","246,701",$148.31M,comedy
2,Talladega Nights: The Ballad of Ricky Bobby,(2006),PG-13,108 min,"
Comedy, Sport            ","
Number one NASCAR driver Ricky Bobby stays atop the heap thanks to a pact with his best friend and teammate, Cal Naughton, Jr. But when a French Formula One driver, makes his way up the ladder, Ricky Bobby's talent and devotion are put to the test.","

6.6
","
66        
        Metascore
            ","179,807",$148.21M,comedy
3,Gremlins,(1984),PG,106 min,"
Comedy, Fantasy, Horror            ","
A young man inadvertently breaks three important rules concerning his new pet and unleashes a horde of malevolently mischievous monsters on a small town.","

7.3
","
70        
        Metascore
            ","217,091",$148.17M,comedy
4,True Lies,(1994),R,141 min,"
Action, Comedy, Thriller            ","
A fearless, globe-trotting, terrorist-battling secret agent has his life turned upside down when he discovers his wife might be having an affair with a used-car salesman while terrorists smuggle nuclear war heads into the United States.","

7.3
","
63        
        Metascore
            ","252,168",$146.28M,comedy
5,Lilo & Stitch,(2002),PG,85 min,"
Animation, Adventure, Comedy            ","
A young and parentless girl adopts a 'dog' from the local pound, completely unaware that it's supposedly a dangerous scientific experiment that's taken refuge on Earth and is now hiding from its creator and those who see it as a menace.","

7.3
","
73        
        Metascore
            ","182,980",$145.79M,comedy
6,American Pie 2,(2001),R,108 min,"
Comedy            ","
Jim and his friends are now in college, and they decide to meet up at the beach house for some fun.","

6.4
","
43        
        Metascore
            ","251,011",$145.10M,comedy
7,One Hundred and One Dalmatians,(1961),G,79 min,"
Animation, Adventure, Comedy            ","
When a litter of Dalmatian puppies are abducted by the minions of Cruella de Vil, the parents must find them before she uses them for a diabolical fashion statement.","

7.3
","
83        
        Metascore
            ","163,588",$144.88M,comedy
8,The Santa Clause,(1994),PG,97 min,"
Comedy, Drama, Family            ","
When a man inadvertently makes Santa fall off of his roof on Christmas Eve, he finds himself magically recruited to take his place.","

6.5
","
57        
        Metascore
            ","113,198",$144.83M,comedy
9,Doctor Dolittle,(1998),PG-13,85 min,"
Comedy, Family, Fantasy            ","
A doctor discovers that he can communicate with animals.","

5.4
","
46        
        Metascore
            ","96,101",$144.16M,comedy
10,Mamma Mia!,(2008),PG-13,108 min,"
Comedy, Musical, Romance            ","
The story of a bride-to-be trying to find her real father told using hit songs by the popular 1970s group ABBA.","

6.5
","
51        
        Metascore
            ","235,149",$144.13M,comedy
11,Pokémon Detective Pikachu,(2019),PG,104 min,"
Action, Adventure, Comedy            ","
In a world where people collect Pokémon to do battle, a boy comes across an intelligent talking Pikachu who seeks to be a detective.","

6.6
","
53        
        Metascore
            ","155,142",$144.11M,comedy
12,Rio,(2011),G,96 min,"
Animation, Adventure, Comedy            ","
When Blu, a domesticated macaw from small-town Minnesota, meets the fiercely independent Jewel, he takes off on an adventure to Rio de Janeiro with the bird of his dreams.","

6.9
","
63        
        Metascore
            ","221,076",$143.62M,comedy
13,Kung Fu Panda 3,(2016),PG,95 min,"
Animation, Action, Adventure            ","
Continuing his ""legendary adventures of awesomeness"", Po must face two hugely epic, but different threats: one supernatural and the other a little closer to home.","

7.1
","
66        
        Metascore
            ","150,425",$143.53M,comedy
14,Juno,(2007),PG-13,96 min,"
Comedy, Drama            ","
Faced with an unplanned pregnancy, an offbeat young woman makes an unusual decision regarding the unborn child.","

7.5
","
81        
        Metascore
            ","511,065",$143.50M,comedy
15,Marley & Me,(2008),PG,115 min,"
Comedy, Drama, Family            ","
A family learns important life lessons from their adorable, but naughty and neurotic dog.","

7.1
","
53        
        Metascore
            ","155,234",$143.15M,comedy
16,The Smurfs,(2011),PG,103 min,"
Animation, Adventure, Comedy            ","
When the evil wizard Gargamel chases the tiny blue Smurfs out of their village, they tumble from their magical world into New York City.","

5.4
","
30        
        Metascore
            ","88,666",$142.61M,comedy
17,Once Upon a Time... In Hollywood,(2019),R,161 min,"
Comedy, Drama            ","
A faded television actor and his stunt double strive to achieve fame and success in the final years of Hollywood's Golden Age in 1969 Los Angeles.","

7.6
","
83        
        Metascore
            ","674,516",$142.50M,comedy
18,The Jungle Book,(1967),G,78 min,"
Animation, Adventure, Comedy            ","
Bagheera the Panther and Baloo the Bear have a difficult time trying to convince a boy to leave the jungle for human civilization.","

7.6
","
65        
        Metascore
            ","177,155",$141.84M,comedy
19,Rush Hour,(1998),PG-13,98 min,"
Action, Comedy, Crime            ","
A loyal and dedicated Hong Kong Inspector teams up with a reckless and loudmouthed L.A.P.D. detective to rescue the Chinese Consul's kidnapped daughter, while trying to arrest a dangerous crime lord along the way.","

7.0
","
60        
        Metascore
            ","258,733",$141.15M,comedy
20,Shazam!,(2019),PG-13,132 min,"
Action, Adventure, Comedy            ","
A newly fostered young boy in search of his mother instead finds unexpected super powers and soon gains a powerful enemy.","

7.0
","
71        
        Metascore
            ","311,842",$140.37M,comedy
21,Ocean's Eight,(2018),PG-13,110 min,"
Action, Comedy, Crime            ","
Debbie Ocean gathers an all-female crew to attempt an impossible heist at New York City's yearly Met Gala.","

6.3
","
61        
        Metascore
            ","209,594",$140.22M,comedy
22,Rush Hour 3,(2007),PG-13,91 min,"
Action, Comedy, Crime            ","
After an attempted assassination on Ambassador Han, Lee and Carter head to Paris to protect a French woman with knowledge of the Triads' secret leaders.","

6.2
","
44        
        Metascore
            ","163,538",$140.13M,comedy
23,Look Who's Talking,(1989),PG-13,93 min,"
Comedy            ","
After a single, career-minded woman is left on her own to give birth to the child of a married man, she finds a new romantic chance in a cab driver. Meanwhile, the point-of-view of the newborn boy is narrated through voice-over.","

5.9
","
51        
        Metascore
            ","81,535",$140.09M,comedy
24,Stuart Little,(1999),PG,84 min,"
Adventure, Comedy, Family            ","
The Little family adopt a charming young mouse named Stuart, but the family cat wants rid of him.","

6.0
","
61        
        Metascore
            ","132,030",$140.04M,comedy
25,The Rocky Horror Picture Show,(1975),R,100 min,"
Comedy, Horror, Musical            ","
A newly-engaged couple have a breakdown in an isolated area and must seek shelter at the bizarre residence of Dr. Frank-n-Furter.","

7.4
","
65        
        Metascore
            ","146,555",$139.88M,comedy
26,Sister Act,(1992),PG,100 min,"
Comedy, Family, Music            ","
When a nightclub singer is forced to take refuge from the mob in a convent, she ends up turning the convent choir into a soulful chorus complete with a Motown repertoire, until the sudden celebrity of the choir jeopardizes her identity.","

6.5
","
51        
        Metascore
            ","96,307",$139.61M,comedy
27,The Santa Clause 2,(2002),G,104 min,"
Comedy, Family, Fantasy            ","
Scott Calvin has been a humble Santa Claus for nearly ten years, but it might come to an end if he doesn't find a Mrs. Claus.","

5.7
","
48        
        Metascore
            ","56,275",$139.24M,comedy
28,Cheaper by the Dozen,(2003),PG,98 min,"
Comedy, Family            ","
With his wife doing a book tour, a father of twelve must handle a new job and his unstable brood.","

5.9
","
46        
        Metascore
            ","99,912",$138.61M,comedy
29,Bad Boys II,(2003),R,147 min,"
Action, Comedy, Crime            ","
Two loose-cannon narcotics cops investigate the flow of Ecstasy into Florida from a Cuban drug cartel.","

6.6
","
38        
        Metascore
            ","245,035",$138.61M,comedy
30,21 Jump Street,(2012),R,109 min,"
Action, Comedy, Crime            ","
A pair of underachieving cops are sent back to a local high school to blend in and bring down a synthetic drug ring.","

7.2
","
69        
        Metascore
            ","542,214",$138.45M,comedy
31,A Christmas Carol,(2009),PG,96 min,"
Animation, Adventure, Comedy            ","
An animated retelling of Charles Dickens' classic novel about a Victorian-era miser taken on a journey of self-redemption, courtesy of several mysterious Christmas apparitions.","

6.8
","
55        
        Metascore
            ","112,475",$137.86M,comedy
32,Click,(2006),PG-13,107 min,"
Comedy, Drama, Fantasy            ","
A workaholic architect finds a universal remote that allows him to fast-forward and rewind to different parts of his life. Complications arise when the remote starts to overrule his choices.","

6.4
","
45        
        Metascore
            ","322,866",$137.36M,comedy
33,101 Dalmatians,(1996),G,103 min,"
Adventure, Comedy, Crime            ","
An evil high-fashion designer plots to steal Dalmatian puppies in order to make an extravagant fur coat, but instead creates an extravagant mess.","

5.7
","
49        
        Metascore
            ","109,615",$136.19M,comedy
34,Anger Management,(2003),PG-13,106 min,"
Comedy            ","
Dave Buznik is a businessman who is wrongly sentenced to an anger management program, where he meets an aggressive instructor.","

6.2
","
52        
        Metascore
            ","212,126",$135.65M,comedy
35,Chicken Little,(2005),G,81 min,"
Animation, Adventure, Comedy            ","
After ruining his reputation with the town, a courageous chicken must come to the rescue of his fellow citizens when aliens start an invasion.","

5.7
","
48        
        Metascore
            ","90,688",$135.39M,comedy
36,Teenage Mutant Ninja Turtles,(1990),PG,93 min,"
Action, Adventure, Comedy            ","
Four teenage mutant ninja turtles emerge from the shadows to protect New York City from a gang of criminal ninjas.","

6.8
","
51        
        Metascore
            ","91,945",$135.27M,comedy
37,Patch Adams,(1998),PG-13,115 min,"
Biography, Comedy, Drama            ","
The true story of a heroic man, Hunter ""Patch"" Adams, determined to become a medical doctor because he enjoys helping people. He ventured where no doctor had ventured before, using humour and pathos.","

6.8
","
25        
        Metascore
            ","111,623",$135.03M,comedy
38,Ride Along,(2014),PG-13,99 min,"
Action, Comedy, Crime            ","
Security guard Ben must prove himself to his girlfriend's brother, top police officer James. He rides along James on a 24-hour patrol of Atlanta.","

6.1
","
41        
        Metascore
            ","111,479",$134.94M,comedy
39,Identity Thief,(2013),R,111 min,"
Comedy, Crime, Drama            ","
Mild mannered businessman Sandy Patterson travels from Denver to Florida to confront the deceptively harmless looking woman who has been living it up after stealing Sandy's identity.","

5.7
","
35        
        Metascore
            ","131,538",$134.51M,comedy
40,Grown Ups 2,(2013),PG-13,101 min,"
Comedy            ","
After moving his family back to his hometown to be with his friends and their kids, Lenny finds out that between old bullies, new bullies, schizo bus drivers, drunk cops on skis, and four hundred costumed party crashers sometimes crazy follows you.","

5.3
","
19        
        Metascore
            ","150,087",$133.67M,comedy
41,Alvin and the Chipmunks: Chipwrecked,(2011),G,87 min,"
Animation, Adventure, Comedy            ","
Playing around while aboard a cruise ship, the Chipmunks and Chipettes accidentally go overboard and end up marooned in a tropical paradise. They discover their new turf is not as deserted as it seems.","

4.3
","
24        
        Metascore
            ","34,439",$133.11M,comedy
42,Bringing Down the House,(2003),PG-13,105 min,"
Comedy            ","
When a lonely guy meets a woman on the internet who happens to be in prison, she breaks out to get him to prove her innocence, and proceeds to wreak havoc on his middle-class life.","

5.6
","
39        
        Metascore
            ","36,671",$132.72M,comedy
43,Silver Linings Playbook,(2012),R,122 min,"
Comedy, Drama, Romance            ","
After a stint in a mental institution, former teacher Pat Solitano moves back in with his parents and tries to reconcile with his ex-wife. Things get more challenging when Pat meets Tiffany, a mysterious girl with problems of her own.","

7.7
","
81        
        Metascore
            ","694,379",$132.09M,comedy
44,Rio 2,(2014),G,101 min,"
Animation, Adventure, Comedy            ","
It's a jungle out there for Blu, Jewel, and their three kids after they're hurtled from Rio de Janeiro to the wilds of the Amazon. As Blu tries to fit in, he goes beak-to-beak with the vengeful Nigel and meets his father-in-law.","

6.3
","
49        
        Metascore
            ","87,616",$131.54M,comedy
45,"Honey, I Shrunk the Kids",(1989),PG,93 min,"
Adventure, Comedy, Family            ","
The scientist father of a teenage girl and boy accidentally shrinks his and two other neighborhood teens to the size of insects. Now the teens must fight diminutive dangers as the father searches for them.","

6.4
","
63        
        Metascore
            ","151,404",$130.72M,comedy
46,The Flintstones,(1994),PG,91 min,"
Comedy, Family, Fantasy            ","
In a parallel modern-day Stone Age world, a working-class family, the Flintstones, are set up for an executive job. But they learn that money can't buy happiness.","

4.9
","
38        
        Metascore
            ","80,175",$130.51M,comedy
47,Get Smart,(2008),PG-13,110 min,"
Action, Adventure, Comedy            ","
Maxwell Smart, a highly intellectual but bumbling spy working for the CONTROL agency, is tasked with preventing a terrorist attack from rival spy agency KAOS.","

6.5
","
54        
        Metascore
            ","214,121",$130.32M,comedy
48,The Peanuts Movie,(2015),G,88 min,"
Animation, Adventure, Comedy            ","
Snoopy embarks upon his greatest mission as he and his team take to the skies to pursue their archnemesis, while his best pal Charlie Brown begins his own epic quest back home to win the love of his life.","

7.0
","
67        
        Metascore
            ","45,078",$130.18M,comedy
49,The Nutty Professor,(1996),PG-13,95 min,"
Comedy, Romance, Sci-Fi            ","
Grossly overweight yet good-hearted professor Sherman Klump takes a special chemical that turns him into the slim but obnoxious Buddy Love.","

5.7
","
62        
        Metascore
            ","115,483",$128.81M,comedy
0,Borat: Cultural Learnings of America for Make Benefit Glorious Nation of Kazakhstan,(2006),R,84 min,"
Comedy            ","
Kazakh TV talking head Borat is dispatched to the United States to report on the greatest country in the world. With a documentary crew in tow, Borat becomes more interested in locating and marrying Pamela Anderson.","

7.4
","
89        
        Metascore
            ","397,871",$128.51M,comedy
1,Ghostbusters: Answer the Call,(2016),PG-13,117 min,"
Action, Comedy, Fantasy            ","
Following a ghost invasion of Manhattan, paranormal enthusiasts Erin Gilbert and Abby Yates, nuclear engineer Jillian Holtzmann, and subway worker Patty Tolan band together to stop the otherworldly threat.","

6.9
","
60        
        Metascore
            ","224,835",$128.34M,comedy
2,Kingsman: The Secret Service,(2014),R,129 min,"
Action, Adventure, Comedy            ","
A spy organisation recruits a promising street kid into the agency's training program, while a global threat emerges from a twisted tech genius.","

7.7
","
60        
        Metascore
            ","644,227",$128.26M,comedy
3,Robots,(2005),PG,91 min,"
Animation, Adventure, Comedy            ","
In a robot world, a young idealistic inventor travels to the big city to join his inspiration's company, only to find himself opposing its sinister new management.","

6.4
","
64        
        Metascore
            ","142,677",$128.20M,comedy
4,Coming to America,(1988),R,117 min,"
Comedy, Romance            ","
An extremely pampered African prince travels to Queens, New York, and goes undercover to find a wife that he can respect for her intelligence and strong will.","

7.1
","
47        
        Metascore
            ","203,228",$128.15M,comedy
5,Into the Woods,(2014),PG,125 min,"
Adventure, Comedy, Drama            ","
A witch tasks a childless baker and his wife with procuring magical items from classic fairy tales to reverse the curse put on their family tree.","

5.9
","
69        
        Metascore
            ","138,910",$128.00M,comedy
6,Enchanted,(2007),PG,107 min,"
Animation, Adventure, Comedy            ","
A young maiden in a land called Andalasia, who is prepared to be wed, is sent away to New York City by an evil Queen, where she falls in love with a lawyer.","

7.1
","
75        
        Metascore
            ","193,452",$127.81M,comedy
7,Central Intelligence,(2016),PG-13,107 min,"
Action, Comedy, Crime            ","
After he reconnects with an awkward pal from high school through Facebook, a mild-mannered accountant is lured into the world of international espionage.","

6.3
","
52        
        Metascore
            ","181,125",$127.44M,comedy
8,Anchorman 2: The Legend Continues,(2013),PG-13,119 min,"
Comedy            ","
With the 1970s behind them, San Diego's top-rated newsman, Ron Burgundy, returns to take New York City's first twenty-four-hour news channel by storm.","

6.3
","
61        
        Metascore
            ","177,912",$127.35M,comedy
9,Sweet Home Alabama,(2002),PG-13,108 min,"
Comedy, Romance            ","
A young woman who has reinvented herself as a New York City socialite must return home to Alabama to obtain a divorce from her husband after seven years of separation.","

6.2
","
45        
        Metascore
            ","110,514",$127.22M,comedy
10,Dumb and Dumber,(1994),PG-13,107 min,"
Comedy            ","
After a woman leaves a briefcase at the airport terminal, a dumb limo driver and his dumber friend set out on a hilarious cross-country road trip to Aspen to return it.","

7.3
","
41        
        Metascore
            ","374,316",$127.18M,comedy
11,My Best Friend's Wedding,(1997),PG-13,105 min,"
Comedy, Drama, Romance            ","
When a woman's long-time friend reveals he's engaged, she realizes she loves him herself and sets out to get him, with only days before the wedding.","

6.3
","
50        
        Metascore
            ","139,139",$127.12M,comedy
12,Smokey and the Bandit,(1977),PG,96 min,"
Action, Adventure, Comedy            ","
The Bandit is hired on to run a tractor-trailer full of beer over state lines, in hot pursuit by a pesky sheriff.","

7.0
","
50        
        Metascore
            ","49,369",$126.74M,comedy
13,Bee Movie,(2007),PG,91 min,"
Animation, Adventure, Comedy            ","
Barry B. Benson, a bee just graduated from college, is disillusioned at his lone career choice: making honey. On a special trip outside the hive, Barry's life is saved by Vanessa, a florist in New York City. As their relationship blossoms, he discovers humans actually eat honey, and subsequently decides to sue them.","

6.1
","
54        
        Metascore
            ","156,159",$126.63M,comedy
14,Sleepless in Seattle,(1993),PG,105 min,"
Comedy, Drama, Romance            ","
A recently widowed man's son calls a radio talk-show in an attempt to find his father a partner.","

6.8
","
72        
        Metascore
            ","171,934",$126.53M,comedy
15,Mr. Deeds,(2002),PG-13,96 min,"
Comedy, Romance            ","
A sweet-natured, small-town guy inherits a controlling stake in a media conglomerate and begins to do business his way.","

5.8
","
24        
        Metascore
            ","142,354",$126.29M,comedy
16,The Truman Show,(1998),PG,103 min,"
Comedy, Drama            ","
An insurance salesman discovers his whole life is actually a reality TV show.","

8.2
","
90        
        Metascore
            ","1,023,171",$125.62M,comedy
17,Charlie's Angels,(2000),PG-13,98 min,"
Action, Adventure, Comedy            ","
Three women, detectives with a mysterious boss, retrieve stolen voice-ID software, using martial arts, tech skills, and sex appeal.","

5.6
","
52        
        Metascore
            ","184,777",$125.31M,comedy
18,Cloudy with a Chance of Meatballs,(2009),PG,90 min,"
Animation, Adventure, Comedy            ","
A local scientist is often regarded as a failure until he invents a machine that can make food fall from the sky. But little does he know, that things are about to take a turn for the worst.","

7.0
","
66        
        Metascore
            ","223,522",$124.87M,comedy
19,The Devil Wears Prada,(2006),PG-13,109 min,"
Comedy, Drama            ","
A smart but sensible new graduate lands a job as an assistant to Miranda Priestly, the demanding editor-in-chief of a high fashion magazine.","

6.9
","
62        
        Metascore
            ","402,399",$124.74M,comedy
20,Something's Gotta Give,(2003),PG-13,128 min,"
Comedy, Drama, Romance            ","
A swinger on the cusp of being a senior citizen with a taste for young women falls in love with an accomplished woman closer to his age.","

6.7
","
66        
        Metascore
            ","119,337",$124.73M,comedy
21,The Birdcage,(1996),R,117 min,"
Comedy            ","
A gay cabaret owner and his drag queen companion agree to put up a false straight front so that their son can introduce them to his fiancée's right-wing moralistic parents.","

7.2
","
72        
        Metascore
            ","87,205",$124.06M,comedy
22,City Slickers,(1991),PG-13,113 min,"
Comedy, Western            ","
On the verge of turning 40, an unhappy Manhattan yuppie is roped into joining his two friends on a cattle drive in the southwest.","

6.8
","
70        
        Metascore
            ","55,192",$124.03M,comedy
23,"Good Morning, Vietnam",(1987),R,121 min,"
Biography, Comedy, Drama            ","
In 1965, an unorthodox and irreverent DJ named Adrian Cronauer begins to shake up things when he is assigned to the U.S. Armed Services radio station in Vietnam.","

7.3
","
67        
        Metascore
            ","136,702",$123.92M,comedy
24,Rango,(2011),PG,107 min,"
Animation, Action, Adventure            ","
Rango is an ordinary chameleon who accidentally winds up in the town of Dirt, a lawless outpost in the Wild West in desperate need of a new sheriff.","

7.2
","
75        
        Metascore
            ","255,199",$123.48M,comedy
25,Nutty Professor II: The Klumps,(2000),PG-13,106 min,"
Comedy, Romance, Sci-Fi            ","
Scientist Sherman Klump's inventions, his upcoming marriage to his pretty colleague Denise Gaines and his reputation are threatened by his evil clone Buddy Love.","

4.4
","
38        
        Metascore
            ","50,535",$123.31M,comedy
26,The Good Dinosaur,(2015),PG,93 min,"
Animation, Adventure, Comedy            ","
In a world where dinosaurs and humans live side-by-side, an Apatosaurus named Arlo makes an unlikely human friend.","

6.7
","
66        
        Metascore
            ","111,405",$123.09M,comedy
27,Wayne's World,(1992),PG-13,94 min,"
Comedy, Music            ","
Two slacker friends try to promote their public-access cable show.","

7.0
","
57        
        Metascore
            ","153,634",$121.70M,comedy
28,Free Guy,(2021),PG-13,115 min,"
Action, Adventure, Comedy            ","
A bank teller discovers that he's actually an NPC inside a brutal, open world video game.","

7.2
","
62        
        Metascore
            ","300,610",$121.63M,comedy
29,Superbad,(2007),R,113 min,"
Comedy            ","
Two co-dependent high school seniors are forced to deal with separation anxiety after their plan to stage a booze-soaked party goes awry.","

7.6
","
76        
        Metascore
            ","557,610",$121.46M,comedy
30,50 First Dates,(2004),PG-13,99 min,"
Comedy, Drama, Romance            ","
Henry Roth is a man afraid of commitment until he meets the beautiful Lucy. They hit it off and Henry think he's finally found the girl of his dreams until discovering she has short-term memory loss and forgets him the next day.","

6.8
","
48        
        Metascore
            ","346,088",$120.91M,comedy
31,Mamma Mia! Here We Go Again,(2018),PG-13,114 min,"
Comedy, Musical, Romance            ","
Five years after the events of Mamma Mia! (2008), Sophie prepares for the grand reopening of the Hotel Bella Donna as she learns more about her mother's past.","

6.6
","
60        
        Metascore
            ","90,853",$120.63M,comedy
32,Mulan,(1998),G,88 min,"
Animation, Adventure, Comedy            ","
To save her father from death in the army, a young maiden secretly goes in his place and becomes one of China's greatest heroines in the process.","

7.6
","
71        
        Metascore
            ","276,914",$120.62M,comedy
33,Four Christmases,(2008),PG-13,88 min,"
Comedy, Drama, Romance            ","
A couple struggles to visit all four of their divorced parents on Christmas.","

5.7
","
41        
        Metascore
            ","71,452",$120.15M,comedy
34,I Now Pronounce You Chuck & Larry,(2007),PG-13,115 min,"
Comedy, Romance            ","
Two straight, single Brooklyn firefighters pretend to be a gay couple in order to receive domestic partner benefits.","

5.9
","
37        
        Metascore
            ","145,961",$120.06M,comedy
35,The Mask,(1994),PG-13,101 min,"
Action, Comedy, Crime            ","
Bank clerk Stanley Ipkiss is transformed into a manic superhero when he wears a mysterious mask.","

6.9
","
56        
        Metascore
            ","372,750",$119.94M,comedy
36,Cloudy with a Chance of Meatballs 2,(2013),PG,95 min,"
Animation, Adventure, Comedy            ","
Flint Lockwood now works at The Live Corp Company for his idol Chester V. But he's forced to leave his post when he learns that his most infamous machine is still operational, and is churning out menacing food-animal hybrids.","

6.4
","
59        
        Metascore
            ","99,450",$119.79M,comedy
37,Hook,(1991),PG,142 min,"
Adventure, Comedy, Family            ","
When Captain James Hook kidnaps his children, an adult Peter Pan must return to Neverland and reclaim his youthful spirit in order to challenge his old enemy.","

6.8
","
52        
        Metascore
            ","248,490",$119.65M,comedy
38,Blazing Saddles,(1974),R,93 min,"
Comedy, Western            ","
In order to ruin a western town, a corrupt politician appoints a black Sheriff, who promptly becomes his most formidable adversary.","

7.7
","
73        
        Metascore
            ","135,313",$119.50M,comedy
39,G-Force,(2009),PG,88 min,"
Animation, Action, Adventure            ","
A specially trained squad of guinea pigs is dispatched to stop a diabolical billionaire from taking over the world.","

5.1
","
41        
        Metascore
            ","45,727",$119.44M,comedy
40,The Other Guys,(2010),PG-13,107 min,"
Action, Comedy, Crime            ","
Two mismatched New York City detectives seize an opportunity to step up like the city's top cops, whom they idolize, only things don't quite go as planned.","

6.6
","
64        
        Metascore
            ","260,283",$119.22M,comedy
41,Hairspray,(2007),PG,117 min,"
Comedy, Drama, Musical            ","
Pleasantly plump teenager Tracy Turnblad teaches 1962 Baltimore a thing or two about integration after landing a spot on a local TV dance show.","

6.8
","
81        
        Metascore
            ","127,349",$118.87M,comedy
42,The Break-Up,(2006),PG-13,106 min,"
Comedy, Drama, Romance            ","
In a bid to keep their luxurious condo from their significant other, a couple's break-up proceeds to get uglier and nastier by the moment.","

5.8
","
45        
        Metascore
            ","130,935",$118.70M,comedy
43,A Series of Unfortunate Events,(2004),PG,108 min,"
Adventure, Comedy, Family            ","
When a massive fire kills their parents, three children are delivered to the custody of cousin and stage actor Count Olaf, who is secretly plotting to steal their parents' vast fortune.","

6.8
","
62        
        Metascore
            ","205,378",$118.63M,comedy
44,Blades of Glory,(2007),PG-13,93 min,"
Comedy, Sport            ","
In 2002, two rival Olympic ice skaters were stripped of their gold medals and permanently banned from men's single competition. Presently, however, they've found a loophole that will allow them to qualify as a pairs team.","

6.3
","
64        
        Metascore
            ","166,422",$118.59M,comedy
45,Back to the Future Part II,(1989),PG,108 min,"
Adventure, Comedy, Sci-Fi            ","
After visiting 2015, Marty McFly must repeat his visit to 1955 to prevent disastrous changes to 1985...without interfering with his first trip.","

7.9
","
57        
        Metascore
            ","513,860",$118.50M,comedy
46,Big Momma's House,(2000),PG-13,99 min,"
Action, Comedy, Crime            ","
In order to protect a beautiful woman and her son from a robber, a male FBI agent disguises himself as a large grandmother.","

5.2
","
33        
        Metascore
            ","84,569",$117.56M,comedy
47,Horrible Bosses,(2011),R,98 min,"
Comedy, Crime            ","
Three friends conspire to murder their awful bosses when they realize they are standing in the way of their happiness.","

6.9
","
57        
        Metascore
            ","439,923",$117.54M,comedy
48,The Wolf of Wall Street,(2013),R,180 min,"
Biography, Comedy, Crime            ","
Based on the true story of Jordan Belfort, from his rise to a wealthy stock-broker living the high life to his fall involving crime, corruption and the federal government.","

8.2
","
75        
        Metascore
            ","1,322,011",$116.90M,comedy
49,Notting Hill,(1999),PG-13,124 min,"
Comedy, Drama, Romance            ","
The life of a simple bookshop owner changes when he meets the most famous film star in the world.","

7.2
","
68        
        Metascore
            ","300,097",$116.09M,comedy
