Title,Year,Rated,Released,Runtime,Genre,Director,Writer,Actors,Plot,Language,Country,Awards,Poster,Ratings,Metascore,imdbRating,imdbVotes,imdbID,Type,DVD,BoxOffice,Production,Website,Response
Incredibles 2,2018,PG,15 Jun 2018,118 min,"Animation, Action, Adventure",Brad Bird,Brad Bird,"Craig T. Nelson, Holly Hunter, Sarah Vowell",The Incredibles family takes on a new mission which involves a change in family roles: Bob Parr (Mr. Incredible) must manage the house while his wife Helen (Elastigirl) goes out to save the world.,English,United States,Nominated for 1 Oscar. 12 wins & 80 nominations total,https://m.media-amazon.com/images/M/MV5BMTEzNzY0OTg0NTdeQTJeQWpwZ15BbWU4MDU3OTg3MjUz._V1_SX300.jpg,"{'Source': 'Internet Movie Database', 'Value': '7.6/10'}",80,7.6,"279,651",tt3606756,movie,06 Nov 2018,"$608,581,744",N/A,N/A,True
Finding Dory,2016,PG,17 Jun 2016,97 min,"Animation, Adventure, Comedy","Andrew Stanton, Angus MacLane","Andrew Stanton, Victoria Strouse","Ellen DeGeneres, Albert Brooks, Ed O'Neill","Friendly but forgetful blue tang Dory begins a search for her long-lost parents, and everyone learns a few things about the real meaning of family along the way.","English, Indonesian",United States,Nominated for 1 BAFTA Film Award17 wins & 46 nominations total,https://m.media-amazon.com/images/M/MV5BNzg4MjM2NDQ4MV5BMl5BanBnXkFtZTgwMzk3MTgyODE@._V1_SX300.jpg,"{'Source': 'Internet Movie Database', 'Value': '7.3/10'}",77,7.3,"263,464",tt2277860,movie,15 Nov 2016,"$486,295,561",N/A,N/A,True
Frozen II,2019,PG,22 Nov 2019,103 min,"Animation, Adventure, Comedy","Chris Buck, Jennifer Lee","Jennifer Lee, Hans Christian Andersen, Chris Buck","Kristen Bell, Idina Menzel, Josh Gad","Anna, Elsa, Kristoff, Olaf and Sven leave Arendelle to travel to an ancient, autumn-bound forest of an enchanted land. They set out to find the origin of Elsa's powers in order to save their kingdom.",English,United States,Nominated for 1 Oscar. 17 wins & 90 nominations total,https://m.media-amazon.com/images/M/MV5BMjA0YjYyZGMtN2U0Ni00YmY4LWJkZTItYTMyMjY3NGYyMTJkXkEyXkFqcGdeQXVyNDg4NjY5OTQ@._V1_SX300.jpg,"{'Source': 'Internet Movie Database', 'Value': '6.8/10'}",64,6.8,"161,102",tt4520988,movie,22 Nov 2019,"$477,373,578",N/A,N/A,True
Shrek 2,2004,PG,19 May 2004,93 min,"Animation, Adventure, Comedy","Andrew Adamson, Kelly Asbury, Conrad Vernon","William Steig, Andrew Adamson, Joe Stillman","Mike Myers, Eddie Murphy, Cameron Diaz","Shrek and Fiona travel to the Kingdom of Far Far Away, where Fiona's parents are King and Queen, to celebrate their marriage. When they arrive, they find they are not as welcome as they thought they would be.",English,United States,Nominated for 2 Oscars. 18 wins & 52 nominations total,https://m.media-amazon.com/images/M/MV5BMDJhMGRjN2QtNDUxYy00NGM3LThjNGQtMmZiZTRhNjM4YzUxL2ltYWdlL2ltYWdlXkEyXkFqcGdeQXVyMTQxNzMzNDI@._V1_SX300.jpg,"{'Source': 'Internet Movie Database', 'Value': '7.2/10'}",75,7.2,"446,173",tt0298148,movie,05 Nov 2004,"$441,226,247",N/A,N/A,True
Toy Story 4,2019,G,21 Jun 2019,100 min,"Animation, Adventure, Comedy",Josh Cooley,"John Lasseter, Andrew Stanton, Josh Cooley","Tom Hanks, Tim Allen, Annie Potts","When a new toy called ""Forky"" joins Woody and the gang, a road trip alongside old and new friends reveals how big the world can be for a toy.",English,United States,Won 1 Oscar. 57 wins & 67 nominations total,https://m.media-amazon.com/images/M/MV5BMTYzMDM4NzkxOV5BMl5BanBnXkFtZTgwNzM1Mzg2NzM@._V1_SX300.jpg,"{'Source': 'Internet Movie Database', 'Value': '7.7/10'}",84,7.7,"233,374",tt1979376,movie,01 Oct 2019,"$434,038,008",N/A,N/A,True
Toy Story 3,2010,G,18 Jun 2010,103 min,"Animation, Adventure, Comedy",Lee Unkrich,"John Lasseter, Andrew Stanton, Lee Unkrich","Tom Hanks, Tim Allen, Joan Cusack","The toys are mistakenly delivered to a day-care center instead of the attic right before Andy leaves for college, and it's up to Woody to convince the other toys that they weren't abandoned and to return home.","English, Spanish",United States,Won 2 Oscars. 61 wins & 96 nominations total,https://m.media-amazon.com/images/M/MV5BMTgxOTY4Mjc0MF5BMl5BanBnXkFtZTcwNTA4MDQyMw@@._V1_SX300.jpg,"{'Source': 'Internet Movie Database', 'Value': '8.2/10'}",92,8.2,"804,234",tt0435761,movie,02 Nov 2010,"$415,004,880",N/A,N/A,True
Jumanji: Welcome to the Jungle,2017,PG-13,20 Dec 2017,119 min,"Action, Adventure, Comedy",Jake Kasdan,"Chris McKenna, Erik Sommers, Scott Rosenberg","Dwayne Johnson, Karen Gillan, Kevin Hart","Four teenagers are sucked into a magical video game, and the only way they can escape is to work together to finish the game.",English,United States,5 wins & 15 nominations,https://m.media-amazon.com/images/M/MV5BODQ0NDhjYWItYTMxZi00NTk2LWIzNDEtOWZiYWYxZjc2MTgxXkEyXkFqcGdeQXVyMTQxNzMzNDI@._V1_SX300.jpg,"{'Source': 'Internet Movie Database', 'Value': '6.9/10'}",58,6.9,"358,678",tt2283362,movie,20 Mar 2018,"$404,540,171",N/A,N/A,True
Frozen,2013,PG,27 Nov 2013,102 min,"Animation, Adventure, Comedy","Chris Buck, Jennifer Lee","Jennifer Lee, Hans Christian Andersen, Chris Buck","Kristen Bell, Idina Menzel, Jonathan Groff","When the newly crowned Queen Elsa accidentally uses her power to turn things into ice to curse her home in infinite winter, her sister Anna teams up with a mountain man, his playful reindeer, and a snowman to change the weather condi","English, Norwegian",United States,Won 2 Oscars. 82 wins & 60 nominations total,https://m.media-amazon.com/images/M/MV5BMTQ1MjQwMTE5OF5BMl5BanBnXkFtZTgwNjk3MTcyMDE@._V1_SX300.jpg,"{'Source': 'Internet Movie Database', 'Value': '7.4/10'}",75,7.4,"605,423",tt2294629,movie,18 Mar 2014,"$400,953,009",N/A,N/A,True
Guardians of the Galaxy Vol. 2,2017,PG-13,05 May 2017,136 min,"Action, Adventure, Comedy",James Gunn,"James Gunn, Dan Abnett, Andy Lanning","Chris Pratt, Zoe Saldana, Dave Bautista","The Guardians struggle to keep together as a team while dealing with their personal family issues, notably Star-Lord's encounter with his father the ambitious celestial being Ego.",English,United States,Nominated for 1 Oscar. 15 wins & 58 nominations total,https://m.media-amazon.com/images/M/MV5BNjM0NTc0NzItM2FlYS00YzEwLWE0YmUtNTA2ZWIzODc2OTgxXkEyXkFqcGdeQXVyNTgwNzIyNzg@._V1_SX300.jpg,"{'Source': 'Internet Movie Database', 'Value': '7.6/10'}",67,7.6,"636,391",tt3896198,movie,22 Aug 2017,"$389,813,101",N/A,N/A,True
Finding Nemo,2003,G,30 May 2003,100 min,"Animation, Adventure, Comedy","Andrew Stanton, Lee Unkrich","Andrew Stanton, Bob Peterson, David Reynolds","Albert Brooks, Ellen DeGeneres, Alexander Gould","After his son is captured in the Great Barrier Reef and taken to Sydney, a timid clownfish sets out on a journey to bring him home.",English,"United States, Australia",Won 1 Oscar. 48 wins & 63 nominations total,https://m.media-amazon.com/images/M/MV5BZTAzNWZlNmUtZDEzYi00ZjA5LWIwYjEtZGM1NWE1MjE4YWRhXkEyXkFqcGdeQXVyNjU0OTQ0OTY@._V1_SX300.jpg,"{'Source': 'Internet Movie Database', 'Value': '8.1/10'}",90,8.1,"1,005,985",tt0266543,movie,04 Nov 2003,"$380,843,261",N/A,N/A,True
The Secret Life of Pets,2016,PG,08 Jul 2016,87 min,"Animation, Adventure, Comedy",Chris Renaud,"Cinco Paul, Ken Daurio, Brian Lynch","Louis C.K., Eric Stonestreet, Kevin Hart","The quiet life of a terrier named Max is upended when his owner takes in Duke, a stray whom Max instantly dislikes.",English,"United States, Japan",4 wins & 15 nominations,https://m.media-amazon.com/images/M/MV5BMjIzMzA1OTkzNV5BMl5BanBnXkFtZTgwODE3MjM4NzE@._V1_SX300.jpg,"{'Source': 'Internet Movie Database', 'Value': '6.5/10'}",61,6.5,"196,125",tt2709768,movie,06 Dec 2016,"$368,384,330",N/A,N/A,True
Despicable Me 2,2013,PG,03 Jul 2013,98 min,"Animation, Adventure, Comedy","Pierre Coffin, Chris Renaud","Cinco Paul, Ken Daurio","Steve Carell, Kristen Wiig, Benjamin Bratt","When Gru, the world's most super-bad turned super-dad has been recruited by a team of officials to stop lethal muscle and a host of Gru's own, He has to fight back with new gadgetry, cars, and more minion madness.","English, Ukrainian","United States, France, Japan",Nominated for 2 Oscars. 12 wins & 66 nominations total,https://m.media-amazon.com/images/M/MV5BMjExNjAyNTcyMF5BMl5BanBnXkFtZTgwODQzMjQ3MDE@._V1_SX300.jpg,"{'Source': 'Internet Movie Database', 'Value': '7.3/10'}",62,7.3,"388,251",tt1690953,movie,10 Dec 2013,"$368,065,385",N/A,N/A,True
Deadpool,2016,R,12 Feb 2016,108 min,"Action, Adventure, Comedy",Tim Miller,"Rhett Reese, Paul Wernick","Ryan Reynolds, Morena Baccarin, T.J. Miller","A wisecracking mercenary gets experimented on and becomes immortal but ugly, and sets out to track down the man who ruined his looks.",English,United States,28 wins & 78 nominations,https://m.media-amazon.com/images/M/MV5BYzE5MjY1ZDgtMTkyNC00MTMyLThhMjAtZGI5OTE1NzFlZGJjXkEyXkFqcGdeQXVyNjU0OTQ0OTY@._V1_SX300.jpg,"{'Source': 'Internet Movie Database', 'Value': '8.0/10'}",65,8.0,"980,699",tt1431045,movie,10 May 2016,"$363,070,709",N/A,N/A,True
Inside Out,2015,PG,19 Jun 2015,95 min,"Animation, Adventure, Comedy","Pete Docter, Ronnie Del Carmen","Pete Docter, Ronnie Del Carmen, Meg LeFauve","Amy Poehler, Bill Hader, Lewis Black","After young Riley is uprooted from her Midwest life and moved to San Francisco, her emotions - Joy, Fear, Anger, Disgust and Sadness - conflict on how best to navigate a new city, house, and school.","English, Portuguese",United States,Won 1 Oscar. 100 wins & 116 nominations total,https://m.media-amazon.com/images/M/MV5BOTgxMDQwMDk0OF5BMl5BanBnXkFtZTgwNjU5OTg2NDE@._V1_SX300.jpg,"{'Source': 'Internet Movie Database', 'Value': '8.1/10'}",94,8.1,"677,013",tt2096673,movie,03 Nov 2015,"$356,921,711",N/A,N/A,True
Aladdin,1992,G,25 Nov 1992,90 min,"Animation, Adventure, Comedy","Ron Clements, John Musker","Ron Clements, John Musker, Ted Elliott","Scott Weinger, Robin Williams, Linda Larkin",A kindhearted street urchin and a power-hungry Grand Vizier vie for a magic lamp that has the power to make their deepest wishes come true.,English,United States,Won 2 Oscars. 32 wins & 22 nominations total,https://m.media-amazon.com/images/M/MV5BY2Q2NDI1MjUtM2Q5ZS00MTFlLWJiYWEtNTZmNjQ3OGJkZDgxXkEyXkFqcGdeQXVyNTI4MjkwNjA@._V1_SX300.jpg,"{'Source': 'Internet Movie Database', 'Value': '8.0/10'}",86,8.0,"395,426",tt0103639,movie,13 Oct 2015,"$217,350,219",N/A,N/A,True
Zootopia,2016,PG,04 Mar 2016,108 min,"Animation, Adventure, Comedy","Byron Howard, Rich Moore, Jared Bush","Byron Howard, Rich Moore, Jared Bush","Ginnifer Goodwin, Jason Bateman, Idris Elba","In a city of anthropomorphic animals, a rookie bunny cop and a cynical con artist fox must work together to uncover a conspiracy.",English,United States,Won 1 Oscar. 47 wins & 72 nominations total,https://m.media-amazon.com/images/M/MV5BOTMyMjEyNzIzMV5BMl5BanBnXkFtZTgwNzIyNjU0NzE@._V1_SX300.jpg,"{'Source': 'Internet Movie Database', 'Value': '8.0/10'}",78,8.0,"474,003",tt2948356,movie,07 Jun 2016,"$341,268,248",N/A,N/A,True
Minions,2015,PG,10 Jul 2015,91 min,"Animation, Adventure, Comedy","Kyle Balda, Pierre Coffin",Brian Lynch,"Sandra Bullock, Jon Hamm, Michael Keaton","Minions Stuart, Kevin, and Bob are recruited by Scarlet Overkill, a supervillain who, alongside her inventor husband Herb, hatches a plot to take over the world.","English, Spanish",United States,Nominated for 1 BAFTA Film Award4 wins & 27 nominations total,https://m.media-amazon.com/images/M/MV5BMTg2MTMyMzU0M15BMl5BanBnXkFtZTgwOTU3ODk4NTE@._V1_SX300.jpg,"{'Source': 'Internet Movie Database', 'Value': '6.4/10'}",56,6.4,"226,992",tt2293640,movie,08 Dec 2015,"$336,045,770",N/A,N/A,True
Guardians of the Galaxy,2014,PG-13,01 Aug 2014,121 min,"Action, Adventure, Comedy",James Gunn,"James Gunn, Nicole Perlman, Dan Abnett","Chris Pratt, Vin Diesel, Bradley Cooper",A group of intergalactic criminals must pull together to stop a fanatical warrior with plans to purge the universe.,English,United States,Nominated for 2 Oscars. 52 wins & 102 nominations total,https://m.media-amazon.com/images/M/MV5BMTAwMjU5OTgxNjZeQTJeQWpwZ15BbWU4MDUxNDYxODEx._V1_SX300.jpg,"{'Source': 'Internet Movie Database', 'Value': '8.0/10'}",76,8.0,"1,125,493",tt2015381,movie,09 Dec 2014,"$333,718,600",N/A,N/A,True
Deadpool 2,2018,R,18 May 2018,119 min,"Action, Adventure, Comedy",David Leitch,"Rhett Reese, Paul Wernick, Ryan Reynolds","Ryan Reynolds, Josh Brolin, Morena Baccarin","Foul-mouthed mutant mercenary Wade Wilson (a.k.a. Deadpool) assembles a team of fellow mutant rogues to protect a young boy with supernatural abilities from the brutal, time-traveling cyborg Cable.","English, Cantonese, Spanish, Russian",United States,6 wins & 52 nominations,https://m.media-amazon.com/images/M/MV5BMDkzNmRhNTMtZDI4NC00Zjg1LTgxM2QtMjYxZDQ3OWJlMDRlXkEyXkFqcGdeQXVyNTU5MjkzMTU@._V1_SX300.jpg,"{'Source': 'Internet Movie Database', 'Value': '7.7/10'}",66,7.7,"542,207",tt5463162,movie,21 Aug 2018,"$324,591,735",N/A,N/A,True
Shrek the Third,2007,PG,18 May 2007,93 min,"Animation, Adventure, Comedy","Chris Miller, Raman Hui","Jeffrey Price, Peter S. Seaman, Chris Miller","Mike Myers, Cameron Diaz, Eddie Murphy","Reluctantly designated as the heir to the land of Far, Far Away, Shrek hatches a plan to install the rebellious Artie as the new king while Princess Fiona tries to fend off a coup d'état by the jilted Prince Charming.",English,United States,Nominated for 1 BAFTA Film Award5 wins & 17 nominations total,https://m.media-amazon.com/images/M/MV5BOTgyMjc3ODk2MV5BMl5BanBnXkFtZTcwMjY0MjEzMw@@._V1_SX300.jpg,"{'Source': 'Internet Movie Database', 'Value': '6.1/10'}",58,6.1,"297,457",tt0413267,movie,13 Nov 2007,"$322,719,944",N/A,N/A,True
Jumanji: The Next Level,2019,PG-13,13 Dec 2019,123 min,"Action, Adventure, Comedy",Jake Kasdan,"Jake Kasdan, Jeff Pinkner, Scott Rosenberg","Dwayne Johnson, Jack Black, Kevin Hart","In Jumanji: The Next Level, the gang is back but the game has changed. As they return to rescue one of their own, the players will have to brave parts unknown from arid deserts to snowy mountains, to escape the world's most dangerous",English,United States,1 win & 12 nominations,https://m.media-amazon.com/images/M/MV5BOTVjMmFiMDUtOWQ4My00YzhmLWE3MzEtODM1NDFjMWEwZTRkXkEyXkFqcGdeQXVyMTkxNjUyNQ@@._V1_SX300.jpg,"{'Source': 'Internet Movie Database', 'Value': '6.7/10'}",58,6.7,"232,090",tt7975244,movie,13 Dec 2019,"$320,314,960",N/A,N/A,True
Thor: Ragnarok,2017,PG-13,03 Nov 2017,130 min,"Action, Adventure, Comedy",Taika Waititi,"Eric Pearson, Craig Kyle, Christopher L. Yost","Chris Hemsworth, Tom Hiddleston, Cate Blanchett","Imprisoned on the planet Sakaar, Thor must race against time to return to Asgard and stop Ragnarök, the destruction of his world, at the hands of the powerful and ruthless villain Hela.",English,"United States, Australia",6 wins & 49 nominations,https://m.media-amazon.com/images/M/MV5BMjMyNDkzMzI1OF5BMl5BanBnXkFtZTgwODcxODg5MjI@._V1_SX300.jpg,"{'Source': 'Internet Movie Database', 'Value': '7.9/10'}",74,7.9,"681,350",tt3501632,movie,06 Mar 2018,"$315,058,289",N/A,N/A,True
Up,2009,PG,29 May 2009,96 min,"Animation, Adventure, Comedy","Pete Docter, Bob Peterson","Pete Docter, Bob Peterson, Tom McCarthy","Edward Asner, Jordan Nagai, John Ratzenberger","78-year-old Carl Fredricksen travels to Paradise Falls in his house equipped with balloons, inadvertently taking a young stowaway.",English,United States,Won 2 Oscars. 79 wins & 87 nominations total,https://m.media-amazon.com/images/M/MV5BMTk3NDE2NzI4NF5BMl5BanBnXkFtZTgwNzE1MzEyMTE@._V1_SX300.jpg,"{'Source': 'Internet Movie Database', 'Value': '8.2/10'}",88,8.2,"999,911",tt1049413,movie,10 Nov 2009,"$293,004,164",N/A,N/A,True
"Monsters, Inc.",2001,G,02 Nov 2001,92 min,"Animation, Adventure, Comedy","Pete Docter, David Silverman, Lee Unkrich","Pete Docter, Jill Culton, Jeff Pidgeon","Billy Crystal, John Goodman, Mary Gibbs","In order to power the city, monsters have to scare children so that they scream. However, the children are toxic to the monsters, and after a child gets through, two monsters realize things may not be what they think.",English,United States,Won 1 Oscar. 15 wins & 38 nominations total,https://m.media-amazon.com/images/M/MV5BMTY1NTI0ODUyOF5BMl5BanBnXkFtZTgwNTEyNjQ0MDE@._V1_SX300.jpg,"{'Source': 'Internet Movie Database', 'Value': '8.1/10'}",79,8.1,"871,223",tt0198781,movie,17 Sep 2002,"$290,642,256",N/A,N/A,True
Home Alone,1990,PG,16 Nov 1990,103 min,"Comedy, Family",Chris Columbus,John Hughes,"Macaulay Culkin, Joe Pesci, Daniel Stern",An eight-year-old troublemaker must protect his house from a pair of burglars when he is accidentally left home alone by his family during Christmas vacation.,English,United States,Nominated for 2 Oscars. 11 wins & 6 nominations total,https://m.media-amazon.com/images/M/MV5BMzFkM2YwOTQtYzk2Mi00N2VlLWE3NTItN2YwNDg1YmY0ZDNmXkEyXkFqcGdeQXVyMTMxODk2OTU@._V1_SX300.jpg,"{'Source': 'Internet Movie Database', 'Value': '7.6/10'}",63,7.6,"547,535",tt0099785,movie,07 Dec 2004,"$285,761,243",N/A,N/A,True
Meet the Fockers,2004,PG-13,22 Dec 2004,115 min,"Comedy, Romance",Jay Roach,"Greg Glienna, Mary Ruth Clarke, Jim Herzfeld","Ben Stiller, Robert De Niro, Blythe Danner",All hell breaks loose when the Byrnes family meets the Focker family for the first time.,"English, Spanish, Hebrew",United States,2 wins & 7 nominations,https://m.media-amazon.com/images/M/MV5BMWZjODQxMWMtZmIzYS00YjMwLWFiZTctYmFiZmJiNjljYWVmL2ltYWdlL2ltYWdlXkEyXkFqcGdeQXVyMTQxNzMzNDI@._V1_SX300.jpg,"{'Source': 'Internet Movie Database', 'Value': '6.3/10'}",41,6.3,"264,985",tt0290002,movie,11 Mar 2008,"$279,261,160",N/A,N/A,True
The Hangover,2009,R,05 Jun 2009,100 min,Comedy,Todd Phillips,"Jon Lucas, Scott Moore","Zach Galifianakis, Bradley Cooper, Justin Bartha","Three buddies wake up from a bachelor party in Las Vegas, with no memory of the previous night and the bachelor missing. They make their way around the city in order to find their friend before his wedding.",English,"United States, Germany",Nominated for 1 BAFTA Film Award13 wins & 25 nominations total,https://m.media-amazon.com/images/M/MV5BNGQwZjg5YmYtY2VkNC00NzliLTljYTctNzI5NmU3MjE2ODQzXkEyXkFqcGdeQXVyNzkwMjQ5NzM@._V1_SX300.jpg,"{'Source': 'Internet Movie Database', 'Value': '7.7/10'}",73,7.7,"759,307",tt1119646,movie,15 Dec 2009,"$277,322,503",N/A,N/A,True
The Grinch,2018,PG,09 Nov 2018,85 min,"Animation, Adventure, Comedy","Yarrow Cheney, Scott Mosier","Michael LeSieur, Tommy Swerdlow, Dr. Seuss","Benedict Cumberbatch, Cameron Seely, Rashida Jones",A grumpy Grinch plots to ruin Christmas for the village of Whoville.,English,United States,1 win & 18 nominations,https://m.media-amazon.com/images/M/MV5BYmE5Yjg0MzktYzgzMi00YTFiLWJjYTItY2M5MmI1ODI4MDY3XkEyXkFqcGdeQXVyMTMxODk2OTU@._V1_SX300.jpg,"{'Source': 'Internet Movie Database', 'Value': '6.4/10'}",51,6.4,"67,185",tt2709692,movie,05 Feb 2019,"$271,094,731",N/A,N/A,True
Sing,2016,PG,21 Dec 2016,108 min,"Animation, Comedy, Family","Garth Jennings, Christophe Lourdelet",Garth Jennings,"Matthew McConaughey, Reese Witherspoon, Seth MacFarlane","In a city of humanoid animals, a hustling theater impresario's attempt to save his theater with a singing competition becomes grander than he anticipates even as its finalists find that their lives will never be the same.","English, Japanese, Ukrainian","Japan, United States",3 wins & 25 nominations,https://m.media-amazon.com/images/M/MV5BMTYzODYzODU2Ml5BMl5BanBnXkFtZTgwNTc1MTA2NzE@._V1_SX300.jpg,"{'Source': 'Internet Movie Database', 'Value': '7.1/10'}",59,7.1,"158,045",tt3470600,movie,18 Apr 2017,"$270,448,425",N/A,N/A,True
Monsters University,2013,G,21 Jun 2013,104 min,"Animation, Adventure, Comedy",Dan Scanlon,"Dan Scanlon, Daniel Gerson, Robert L. Baird","Billy Crystal, John Goodman, Steve Buscemi","A look at the relationship between Mike Wazowski (Billy Crystal) and James P. ""Sully"" Sullivan (John Goodman) during their days at Monsters University, when they weren't necessarily the best of friends.",English,United States,Nominated for 2 BAFTA Film 9 wins & 58 nominations total,https://m.media-amazon.com/images/M/MV5BMTUyODgwMDU3M15BMl5BanBnXkFtZTcwOTM4MjcxOQ@@._V1_SX300.jpg,"{'Source': 'Internet Movie Database', 'Value': '7.2/10'}",65,7.2,"346,199",tt1453405,movie,29 Oct 2013,"$268,492,764",N/A,N/A,True
Shrek,2001,PG,18 May 2001,90 min,"Animation, Adventure, Comedy","Andrew Adamson, Vicky Jenson","William Steig, Ted Elliott, Terry Rossio","Mike Myers, Eddie Murphy, Cameron Diaz","A mean lord exiles fairytale creatures to the swamp of a grumpy ogre, who must go on a quest and rescue a princess for the lord in order to get his land back.",English,United States,Won 1 Oscar. 40 wins & 60 nominations total,https://m.media-amazon.com/images/M/MV5BOGZhM2FhNTItODAzNi00YjA0LWEyN2UtNjJlYWQzYzU1MDg5L2ltYWdlL2ltYWdlXkEyXkFqcGdeQXVyMTQxNzMzNDI@._V1_SX300.jpg,"{'Source': 'Internet Movie Database', 'Value': '7.9/10'}",84,7.9,"651,919",tt0126029,movie,19 Aug 2003,"$267,665,011",N/A,N/A,True
Despicable Me 3,2017,PG,30 Jun 2017,89 min,"Animation, Adventure, Comedy","Kyle Balda, Pierre Coffin, Eric Guillon","Cinco Paul, Ken Daurio","Steve Carell, Kristen Wiig, Trey Parker","Gru meets his long-lost, charming, cheerful, and more successful twin brother Dru, who wants to team up with him for one last criminal heist.",English,United States,33 nominations,https://m.media-amazon.com/images/M/MV5BNjUyNzQ2MTg3Ml5BMl5BanBnXkFtZTgwNzE4NDM3MTI@._V1_SX300.jpg,"{'Source': 'Internet Movie Database', 'Value': '6.3/10'}",49,6.3,"126,804",tt3469046,movie,04 Oct 2016,"$264,624,300",N/A,N/A,True
How the Grinch Stole Christmas,2000,PG,17 Nov 2000,104 min,"Comedy, Family, Fantasy",Ron Howard,"Dr. Seuss, Jeffrey Price, Peter S. Seaman","Jim Carrey, Taylor Momsen, Kelley","On the outskirts of Whoville lives a green, revenge-seeking Grinch who plans to ruin Christmas for all of the citizens of the town.",English,"United States, Germany",Won 1 Oscar. 18 wins & 37 nominations total,https://m.media-amazon.com/images/M/MV5BNWNiNTczNzEtMjQyZC00MjFmLTkzMDMtODk4ZGMyZmE0N2E4XkEyXkFqcGdeQXVyMTMxODk2OTU@._V1_SX300.jpg,"{'Source': 'Internet Movie Database', 'Value': '6.2/10'}",46,6.2,"238,560",tt0170016,movie,17 Sep 2003,"$260,465,005",N/A,N/A,True
The Lego Movie,2014,PG,07 Feb 2014,100 min,"Animation, Action, Adventure","Christopher Miller, Phil Lord","Phil Lord, Christopher Miller, Dan Hageman","Chris Pratt, Will Ferrell, Elizabeth Banks","An ordinary LEGO construction worker, thought to be the prophesied as ""special"", is recruited to join a quest to stop an evil tyrant from gluing the LEGO universe into eternal stasis.","English, Turkish","United States, Denmark, Australia",Nominated for 1 Oscar. 72 wins & 67 nominations total,https://m.media-amazon.com/images/M/MV5BMTg4MDk1ODExN15BMl5BanBnXkFtZTgwNzIyNjg3MDE@._V1_SX300.jpg,"{'Source': 'Internet Movie Database', 'Value': '7.7/10'}",83,7.7,"342,080",tt1490017,movie,17 Jun 2014,"$257,760,692",N/A,N/A,True
The Hangover Part II,2011,R,26 May 2011,102 min,Comedy,Todd Phillips,"Craig Mazin, Scot Armstrong, Todd Phillips","Bradley Cooper, Zach Galifianakis, Ed Helms","Two years after the bachelor party in Las Vegas, Phil, Stu, Alan, and Doug jet to Thailand for Stu's wedding. Stu's plan for a subdued pre-wedding brunch, however, goes seriously awry.","English, Thai",United States,5 wins & 18 nominations,https://m.media-amazon.com/images/M/MV5BMTM2MTM4MzY2OV5BMl5BanBnXkFtZTcwNjQ3NzI4NA@@._V1_SX300.jpg,"{'Source': 'Internet Movie Database', 'Value': '6.5/10'}",44,6.5,"486,774",tt1411697,movie,06 Dec 2011,"$254,464,305",N/A,N/A,True
Despicable Me,2010,PG,09 Jul 2010,95 min,"Animation, Adventure, Comedy","Pierre Coffin, Chris Renaud","Cinco Paul, Ken Daurio, Sergio Pablos","Steve Carell, Jason Segel, Russell Brand","When a criminal mastermind uses a trio of orphan girls as pawns for a grand scheme, he finds their love is profoundly changing him for the better.",English,"United States, France",Nominated for 1 BAFTA Film Award3 wins & 41 nominations total,https://m.media-amazon.com/images/M/MV5BMTY3NjY0MTQ0Nl5BMl5BanBnXkFtZTcwMzQ2MTc0Mw@@._V1_SX300.jpg,"{'Source': 'Internet Movie Database', 'Value': '7.6/10'}",72,7.6,"528,139",tt1323594,movie,14 Dec 2010,"$251,513,985",N/A,N/A,True
Night at the Museum,2006,PG,22 Dec 2006,108 min,"Adventure, Comedy, Family",Shawn Levy,"Robert Ben Garant, Thomas Lennon, Milan Trenc","Ben Stiller, Carla Gugino, Ricky Gervais",A newly recruited night security guard at the Museum of Natural History discovers that an ancient curse causes the animals and exhibits on display to come to life and wreak havoc.,"English, Italian, Hebrew","United States, United Kingdom",2 wins & 8 nominations,https://m.media-amazon.com/images/M/MV5BMTQyOTM4MDMxN15BMl5BanBnXkFtZTcwODg5NTQzMw@@._V1_SX300.jpg,"{'Source': 'Internet Movie Database', 'Value': '6.4/10'}",48,6.4,"335,874",tt0477347,movie,24 Apr 2007,"$250,863,268",N/A,N/A,True
Men in Black,1997,PG-13,02 Jul 1997,98 min,"Action, Adventure, Comedy",Barry Sonnenfeld,"Lowell Cunningham, Ed Solomon","Tommy Lee Jones, Will Smith, Linda Fiorentino",A police officer joins a secret organization that polices and monitors extraterrestrial interactions on Earth.,"English, Spanish",United States,Won 1 Oscar. 22 wins & 39 nominations total,https://m.media-amazon.com/images/M/MV5BOTlhYTVkMDktYzIyNC00NzlkLTlmN2ItOGEyMWQ4OTA2NDdmXkEyXkFqcGdeQXVyNTAyODkwOQ@@._V1_SX300.jpg,"{'Source': 'Internet Movie Database', 'Value': '7.3/10'}",71,7.3,"548,614",tt0119654,movie,13 May 2003,"$250,690,539",N/A,N/A,True
Moana,2016,PG,23 Nov 2016,107 min,"Animation, Adventure, Comedy","Ron Clements, John Musker, Don Hall","Jared Bush, Ron Clements, John Musker","Auli'i Cravalho, Dwayne Johnson, Rachel House","In Ancient Polynesia, when a terrible curse incurred by the Demigod Maui reaches Moana's island, she answers the Ocean's call to seek out the Demigod to set things right.","English, French",United States,Nominated for 2 Oscars. 20 wins & 90 nominations total,https://m.media-amazon.com/images/M/MV5BMjI4MzU5NTExNF5BMl5BanBnXkFtZTgwNzY1MTEwMDI@._V1_SX300.jpg,"{'Source': 'Internet Movie Database', 'Value': '7.6/10'}",81,7.6,"312,091",tt3521164,movie,07 Mar 2017,"$248,757,044",N/A,N/A,True
Toy Story 2,1999,G,24 Nov 1999,92 min,"Animation, Adventure, Comedy","John Lasseter, Ash Brannon, Lee Unkrich","John Lasseter, Pete Docter, Ash Brannon","Tom Hanks, Tim Allen, Joan Cusack","When Woody is stolen by a toy collector, Buzz and his friends set out on a rescue mission to save Woody before he becomes a museum toy property with his roundup gang Jessie, Prospector, and Bullseye.","English, Arabic, Spanish",United States,Nominated for 1 Oscar. 21 wins & 27 nominations total,https://m.media-amazon.com/images/M/MV5BMWM5ZDcxMTYtNTEyNS00MDRkLWI3YTItNThmMGExMWY4NDIwXkEyXkFqcGdeQXVyNjUwNzk3NDc@._V1_SX300.jpg,"{'Source': 'Internet Movie Database', 'Value': '7.9/10'}",88,7.9,"560,453",tt0120363,movie,23 Mar 2010,"$245,852,179",N/A,N/A,True
Cars,2006,G,09 Jun 2006,117 min,"Animation, Adventure, Comedy","John Lasseter, Joe Ranft","John Lasseter, Joe Ranft, Jorgen Klubien","Owen Wilson, Bonnie Hunt, Paul Newman","A hot-shot race-car named Lightning McQueen gets waylaid in Radiator Springs, where he finds the true meaning of friendship and family.","English, Italian, Japanese, Yiddish",United States,Nominated for 2 Oscars. 28 wins & 34 nominations total,https://m.media-amazon.com/images/M/MV5BMTg5NzY0MzA2MV5BMl5BanBnXkFtZTYwNDc3NTc2._V1_SX300.jpg,"{'Source': 'Internet Movie Database', 'Value': '7.1/10'}",73,7.1,"399,436",tt0317219,movie,07 Nov 2006,"$244,082,982",N/A,N/A,True
Bruce Almighty,2003,PG-13,23 May 2003,101 min,"Comedy, Fantasy",Tom Shadyac,"Steve Koren, Mark O'Keefe, Steve Oedekerk","Jim Carrey, Jennifer Aniston, Morgan Freeman",A guy who complains about God too often is given almighty powers to teach him how difficult it is to run the world.,"English, Spanish",United States,7 wins & 9 nominations,https://m.media-amazon.com/images/M/MV5BNzMyZDhiZDUtYWUyMi00ZDQxLWE4NDQtMWFlMjI1YjVjMjZiXkEyXkFqcGdeQXVyNjU0OTQ0OTY@._V1_SX300.jpg,"{'Source': 'Internet Movie Database', 'Value': '6.8/10'}",46,6.8,"391,710",tt0315327,movie,25 Nov 2003,"$242,829,261",N/A,N/A,True
My Big Fat Greek Wedding,2002,PG,02 Aug 2002,95 min,"Comedy, Drama, Romance",Joel Zwick,Nia Vardalos,"Nia Vardalos, John Corbett, Michael Constantine",A young Greek woman falls in love with a non-Greek and struggles to get her family to accept him while she comes to terms with her heritage and cultural identity.,"English, Greek","Canada, United States",Nominated for 1 Oscar. 20 wins & 29 nominations total,https://m.media-amazon.com/images/M/MV5BNzcwOWU4NGEtYjUyMy00MDNlLThiN2MtYzFlMjk4Y2FhNjlmXkEyXkFqcGdeQXVyNjk1Njg5NTA@._V1_SX300.jpg,"{'Source': 'Internet Movie Database', 'Value': '6.6/10'}",62,6.6,"127,924",tt0259446,movie,11 Feb 2003,"$241,438,208",N/A,N/A,True
Ghostbusters,1984,PG,08 Jun 1984,105 min,"Action, Comedy, Fantasy",Ivan Reitman,"Dan Aykroyd, Harold Ramis, Rick Moranis","Bill Murray, Dan Aykroyd, Sigourney Weaver","Three parapsychologists forced out of their university funding set up shop as a unique ghost removal service in New York City, attracting frightened yet skeptical customers.",English,United States,Nominated for 2 Oscars. 7 wins & 8 nominations total,https://m.media-amazon.com/images/M/MV5BMTkxMjYyNzgwMl5BMl5BanBnXkFtZTgwMTE3MjYyMTE@._V1_SX300.jpg,"{'Source': 'Internet Movie Database', 'Value': '7.8/10'}",71,7.8,"399,999",tt0087332,movie,02 Aug 2005,"$243,578,797",N/A,N/A,True
Shrek Forever After,2010,PG,21 May 2010,93 min,"Animation, Adventure, Comedy",Mike Mitchell,"Josh Klausner, Darren Lemke, William Steig","Mike Myers, Cameron Diaz, Eddie Murphy",Rumpelstiltskin tricks a mid-life crisis burdened Shrek into allowing himself to be erased from existence and cast in a dark alternate timeline where Rumpelstiltskin rules supreme.,English,United States,1 win & 13 nominations,https://m.media-amazon.com/images/M/MV5BMTY0OTU1NzkxMl5BMl5BanBnXkFtZTcwMzI2NDUzMw@@._V1_SX300.jpg,"{'Source': 'Internet Movie Database', 'Value': '6.3/10'}",58,6.3,"197,397",tt0892791,movie,07 Dec 2010,"$238,736,787",N/A,N/A,True
Brave,2012,PG,22 Jun 2012,93 min,"Animation, Adventure, Comedy","Mark Andrews, Brenda Chapman, Steve Purcell","Brenda Chapman, Mark Andrews, Steve Purcell","Kelly Macdonald, Billy Connolly, Emma Thompson","Determined to make her own path in life, Princess Merida defies a custom that brings chaos to her kingdom. Granted one wish, Merida must rely on her bravery and her archery skills to undo a beastly curse.",English,"United States, United Kingdom",Won 1 Oscar. 20 wins & 48 nominations total,https://m.media-amazon.com/images/M/MV5BMzgwODk3ODA1NF5BMl5BanBnXkFtZTcwNjU3NjQ0Nw@@._V1_SX300.jpg,"{'Source': 'Internet Movie Database', 'Value': '7.1/10'}",69,7.1,"396,865",tt1217209,movie,19 Apr 2011,"$237,283,207",N/A,N/A,True
Beverly Hills Cop,1984,R,05 Dec 1984,105 min,"Action, Comedy, Crime",Martin Brest,"Daniel Petrie Jr., Danilo Bach","Eddie Murphy, Judge Reinhold, John Ashton",A freewheeling Detroit cop pursuing a murder investigation finds himself dealing with the very different culture of Beverly Hills.,English,United States,Nominated for 1 Oscar. 4 wins & 5 nominations total,https://m.media-amazon.com/images/M/MV5BN2MyZDE0YjAtNWFjYy00MWRlLTk3MTktMzY3ZDVhNTJkZTlmXkEyXkFqcGdeQXVyNDk3NzU2MTQ@._V1_SX300.jpg,"{'Source': 'Internet Movie Database', 'Value': '7.3/10'}",66,7.3,"178,284",tt0086960,movie,29 Jan 2002,"$234,760,478",N/A,N/A,True
Rush Hour 2,2001,PG-13,03 Aug 2001,90 min,"Action, Comedy, Crime",Brett Ratner,"Ross LaManna, Jeff Nathanson","Jackie Chan, Chris Tucker, John Lone","Carter and Lee head to Hong Kong for a vacation, but become embroiled in a counterfeit money scam.","English, Mandarin, Cantonese","Hong Kong, United States",10 wins & 22 nominations,https://m.media-amazon.com/images/M/MV5BODhlNGJjMWQtZGMyYS00MzJhLWJhZGMtY2NlNDI5Nzg5NTU2XkEyXkFqcGdeQXVyNDk3NzU2MTQ@._V1_SX300.jpg,"{'Source': 'Internet Movie Database', 'Value': '6.6/10'}",48,6.6,"213,016",tt0266915,movie,11 Dec 2001,"$226,164,286",N/A,N/A,True
Big Hero 6,2014,PG,07 Nov 2014,102 min,"Animation, Action, Adventure","Don Hall, Chris Williams","Jordan Roberts, Robert L. Baird, Daniel Gerson","Ryan Potter, Scott Adsit, Jamie Chung","A special bond develops between plus-sized inflatable robot Baymax and prodigy Hiro Hamada, who together team up with a group of friends to form a band of high-tech heroes.",English,United States,Won 1 Oscar. 17 wins & 58 nominations total,https://m.media-amazon.com/images/M/MV5BMDliOTIzNmUtOTllOC00NDU3LWFiNjYtMGM0NDc1YTMxNjYxXkEyXkFqcGdeQXVyNTM3NzExMDQ@._V1_SX300.jpg,"{'Source': 'Internet Movie Database', 'Value': '7.8/10'}",74,7.8,"441,844",tt2245084,movie,24 Feb 2015,"$222,527,828",N/A,N/A,True
Alvin and the Chipmunks: The Squeakquel,2009,PG,23 Dec 2009,88 min,"Animation, Adventure, Comedy",Betty Thomas,"Jon Vitti, Jonathan Aibel, Glenn Berger","Jason Lee, Zachary Levi, David Cross","The world-famous singing preteen chipmunk trio return to contend with the pressures of school, celebrity, and a rival female music group known as The Chipettes.","English, French",United States,3 wins,https://m.media-amazon.com/images/M/MV5BMGM5Zjg0MzktYmZmZC00OWU5LTgzZDQtODM1NjdjMGE4ZDVlXkEyXkFqcGdeQXVyMTQxNzMzNDI@._V1_SX300.jpg,"{'Source': 'Internet Movie Database', 'Value': '4.5/10'}",41,4.5,"47,667",tt1231580,movie,30 Mar 2010,"$219,614,612",N/A,N/A,True
Mrs. Doubtfire,1993,PG-13,24 Nov 1993,125 min,"Comedy, Drama",Chris Columbus,"Anne Fine, Randi Mayem Singer, Leslie Dixon","Robin Williams, Sally Field, Pierce Brosnan","After a bitter divorce, an actor disguises himself as a female housekeeper to spend time with his children held in custody by his former wife.",English,United States,Won 1 Oscar. 11 wins & 10 nominations total,https://m.media-amazon.com/images/M/MV5BMjExMDUzODE1N15BMl5BanBnXkFtZTgwNTU5NTYxMTE@._V1_SX300.jpg,"{'Source': 'Internet Movie Database', 'Value': '7.0/10'}",53,7.0,"262,254",tt0107614,movie,26 Nov 2002,"$219,195,243",N/A,N/A,True
Ted,2012,R,29 Jun 2012,106 min,Comedy,Seth MacFarlane,"Seth MacFarlane, Alec Sulkin, Wellesley Wild","Mark Wahlberg, Mila Kunis, Seth MacFarlane","John Bennett, a man whose childhood wish of bringing his teddy bear to life came true, now must decide between keeping the relationship with the bear, Ted or his girlfriend, Lori.","English, Japanese",United States,Nominated for 1 Oscar. 13 wins & 28 nominations total,https://m.media-amazon.com/images/M/MV5BMTQ1OTU0ODcxMV5BMl5BanBnXkFtZTcwOTMxNTUwOA@@._V1_SX300.jpg,"{'Source': 'Internet Movie Database', 'Value': '6.9/10'}",62,6.9,"596,757",tt1637725,movie,11 Dec 2012,"$218,815,487",N/A,N/A,True
How to Train Your Dragon,2010,PG,26 Mar 2010,98 min,"Animation, Action, Adventure","Dean DeBlois, Chris Sanders","William Davies, Dean DeBlois, Chris Sanders","Jay Baruchel, Gerard Butler, Christopher Mintz-Plasse","A hapless young Viking who aspires to hunt dragons becomes the unlikely friend of a young dragon himself, and learns there may be more to the creatures than he assumed.",English,United States,Nominated for 2 Oscars. 25 wins & 63 nominations total,https://m.media-amazon.com/images/M/MV5BMjA5NDQyMjc2NF5BMl5BanBnXkFtZTcwMjg5ODcyMw@@._V1_SX300.jpg,"{'Source': 'Internet Movie Database', 'Value': '8.1/10'}",75,8.1,"711,033",tt0892769,movie,17 Aug 2010,"$217,581,231",N/A,N/A,True
Alvin and the Chipmunks,2007,PG,14 Dec 2007,92 min,"Animation, Adventure, Comedy",Tim Hill,"Jon Vitti, Will McRobb, Chris Viscardi","Jason Lee, Ross Bagdasarian Jr., Janice Karman",Three musical chipmunks are discovered by an aspiring songwriter who wants to use their amazing singing abilities to become famous.,"English, French, Spanish, Japanese",United States,3 wins & 2 nominations,https://m.media-amazon.com/images/M/MV5BMjdmNWY4MjItMjBiMi00MWNiLWI0ZjctYzBjZmEzOGRmNTc5XkEyXkFqcGdeQXVyMTQxNzMzNDI@._V1_SX300.jpg,"{'Source': 'Internet Movie Database', 'Value': '5.2/10'}",39,5.2,"82,982",tt0952640,movie,04 May 2017,"$217,326,974",N/A,N/A,True
Ant-Man and the Wasp,2018,PG-13,06 Jul 2018,118 min,"Action, Adventure, Comedy",Peyton Reed,"Chris McKenna, Erik Sommers, Paul Rudd","Paul Rudd, Evangeline Lilly, Michael Peña","As Scott Lang balances being both a superhero and a father, Hope van Dyne and Dr. Hank Pym present an urgent new mission that finds the Ant-Man fighting alongside The Wasp to uncover secrets from their past.","English, Spanish, French","United States, Canada",2 wins & 21 nominations,https://m.media-amazon.com/images/M/MV5BYjcyYTk0N2YtMzc4ZC00Y2E0LWFkNDgtNjE1MzZmMGE1YjY1XkEyXkFqcGdeQXVyMTMxODk2OTU@._V1_SX300.jpg,"{'Source': 'Internet Movie Database', 'Value': '7.0/10'}",70,7.0,"369,368",tt5095030,movie,08 Dec 2015,"$216,648,740",N/A,N/A,True
Madagascar 3: Europe's Most Wanted,2012,PG,08 Jun 2012,93 min,"Animation, Adventure, Comedy","Eric Darnell, Tom McGrath, Conrad Vernon","Eric Darnell, Noah Baumbach, Mark Burton","Ben Stiller, Jada Pinkett Smith, Chris Rock","The Madagascar animals join a struggling European circus to get back to New York, but find themselves being pursued by a psychotic animal control officer.","English, Spanish",United States,3 wins & 20 nominations,https://m.media-amazon.com/images/M/MV5BMTM2MTIzNzk2MF5BMl5BanBnXkFtZTcwMDcwMzQxNw@@._V1_SX300.jpg,"{'Source': 'Internet Movie Database', 'Value': '6.8/10'}",60,6.8,"175,100",tt1277953,movie,16 Oct 2012,"$216,391,482",N/A,N/A,True
Kung Fu Panda,2008,PG,06 Jun 2008,92 min,"Animation, Action, Adventure","Mark Osborne, John Stevenson","Jonathan Aibel, Glenn Berger, Ethan Reiff","Jack Black, Ian McShane, Angelina Jolie","To everyone's surprise, including his own, Po, an overweight, clumsy panda, is chosen as protector of the Valley of Peace. His suitability will soon be tested as the valley's arch-enemy is on his way.",English,United States,Nominated for 1 Oscar. 14 wins & 39 nominations total,https://m.media-amazon.com/images/M/MV5BODJkZTZhMWItMDI3Yy00ZWZlLTk4NjQtOTI1ZjU5NjBjZTVjXkEyXkFqcGdeQXVyODE5NzE3OTE@._V1_SX300.jpg,"{'Source': 'Internet Movie Database', 'Value': '7.6/10'}",74,7.6,"449,875",tt0441773,movie,07 Nov 2008,"$215,434,591",N/A,N/A,True
The Lorax,2012,PG,02 Mar 2012,86 min,"Animation, Adventure, Comedy","Chris Renaud, Kyle Balda","Dr. Seuss, Cinco Paul, Ken Daurio","Zac Efron, Taylor Swift, Danny DeVito","A 12-year-old boy searches for the one thing that will enable him to win the affection of the girl of his dreams. To find it he must discover the story of the Lorax, the grumpy yet charming creature who fights to protect his world.",English,"United States, France",4 wins & 8 nominations,https://m.media-amazon.com/images/M/MV5BMTU1MTAwMjk1NF5BMl5BanBnXkFtZTcwMDI5NDc4Ng@@._V1_SX300.jpg,"{'Source': 'Internet Movie Database', 'Value': '6.4/10'}",46,6.4,"108,096",tt1482459,movie,09 Nov 2018,"$214,030,500",N/A,N/A,True
Austin Powers in Goldmember,2002,PG-13,26 Jul 2002,94 min,"Action, Adventure, Comedy",Jay Roach,"Mike Myers, Michael McCullers","Mike Myers, Beyoncé, Seth Green","Upon learning that his father has been kidnapped, Austin Powers must travel to 1975 and defeat the aptly named villain Goldmember, who is working with Dr. Evil.","English, Japanese, German, French",United States,5 wins & 22 nominations,https://m.media-amazon.com/images/M/MV5BMTI3NTkzODI0MF5BMl5BanBnXkFtZTYwNjc5MTA3._V1_SX300.jpg,"{'Source': 'Internet Movie Database', 'Value': '6.2/10'}",62,6.2,"205,494",tt0295178,movie,03 Dec 2002,"$213,307,889",N/A,N/A,True
Back to the Future,1985,PG,03 Jul 1985,116 min,"Adventure, Comedy, Sci-Fi",Robert Zemeckis,"Robert Zemeckis, Bob Gale","Michael J. Fox, Christopher Lloyd, Lea Thompson","Marty McFly, a 17-year-old high school student, is accidentally sent thirty years into the past in a time-traveling DeLorean invented by his close friend, the eccentric scientist Doc Brown.",English,United States,Won 1 Oscar. 22 wins & 25 nominations total,https://m.media-amazon.com/images/M/MV5BZmU0M2Y1OGUtZjIxNi00ZjBkLTg1MjgtOWIyNThiZWIwYjRiXkEyXkFqcGdeQXVyMTQxNzMzNDI@._V1_SX300.jpg,"{'Source': 'Internet Movie Database', 'Value': '8.5/10'}",87,8.5,"1,145,176",tt0088763,movie,17 Aug 2010,"$211,406,762",N/A,N/A,True
Coco,2017,PG,22 Nov 2017,105 min,"Animation, Adventure, Comedy","Lee Unkrich, Adrian Molina","Lee Unkrich, Jason Katz, Matthew Aldrich","Anthony Gonzalez, Gael García Bernal, Benjamin Bratt","Aspiring musician Miguel, confronted with his family's ancestral ban on music, enters the Land of the Dead to find his great-great-grandfather, a legendary singer.","English, Spanish",United States,Won 2 Oscars. 109 wins & 40 nominations total,https://m.media-amazon.com/images/M/MV5BYjQ5NjM0Y2YtNjZkNC00ZDhkLWJjMWItN2QyNzFkMDE3ZjAxXkEyXkFqcGdeQXVyODIxMzk5NjA@._V1_SX300.jpg,"{'Source': 'Internet Movie Database', 'Value': '8.4/10'}",81,8.4,"463,490",tt2380307,movie,13 Feb 2018,"$210,460,015",N/A,N/A,True
Wedding Crashers,2005,R,15 Jul 2005,119 min,"Comedy, Romance",David Dobkin,"Steve Faber, Bob Fisher","Owen Wilson, Vince Vaughn, Rachel McAdams","John Beckwith and Jeremy Grey, a pair of committed womanizers who sneak into weddings to take advantage of the romantic tinge in the air, find themselves at odds with one another when John meets and falls for Claire Cleary.",English,United States,11 wins & 11 nominations,https://m.media-amazon.com/images/M/MV5BZmJkNzViYjYtZWZlNy00OGE4LWI2MzUtYTcwNjY3Y2MyODIwXkEyXkFqcGdeQXVyNDk3NzU2MTQ@._V1_SX300.jpg,"{'Source': 'Internet Movie Database', 'Value': '6.9/10'}",64,6.9,"347,660",tt0396269,movie,03 Jan 2006,"$209,255,921",N/A,N/A,True
Charlie and the Chocolate Factory,2005,PG,15 Jul 2005,115 min,"Adventure, Comedy, Family",Tim Burton,"Roald Dahl, John August","Johnny Depp, Freddie Highmore, David Kelly","A young boy wins a tour through the most magnificent chocolate factory in the world, led by the world's most unusual candy maker.",English,"United States, United Kingdom",Nominated for 1 Oscar. 15 wins & 52 nominations total,https://m.media-amazon.com/images/M/MV5BNjcxMjg1Njg2NF5BMl5BanBnXkFtZTcwMjQ4NzMzMw@@._V1_SX300.jpg,"{'Source': 'Internet Movie Database', 'Value': '6.6/10'}",72,6.6,"459,711",tt0367594,movie,08 Nov 2005,"$206,459,076",N/A,N/A,True
Ratatouille,2007,G,29 Jun 2007,111 min,"Animation, Adventure, Comedy","Brad Bird, Jan Pinkava","Brad Bird, Jan Pinkava, Jim Capobianco","Brad Garrett, Lou Romano, Patton Oswalt",A rat who can cook makes an unusual alliance with a young kitchen worker at a famous Paris restaurant.,"English, French",United States,Won 1 Oscar. 67 wins & 42 nominations total,https://m.media-amazon.com/images/M/MV5BMTMzODU0NTkxMF5BMl5BanBnXkFtZTcwMjQ4MzMzMw@@._V1_SX300.jpg,"{'Source': 'Internet Movie Database', 'Value': '8.0/10'}",96,8.0,"687,711",tt0382932,movie,06 Nov 2007,"$206,445,654",N/A,N/A,True
Bad Boys for Life,2020,R,17 Jan 2020,124 min,"Action, Comedy, Crime","Adil El Arbi, Bilall Fallah","Peter Craig, Joe Carnahan, Chris Bremner","Will Smith, Martin Lawrence, Vanessa Hudgens",Miami detectives Mike Lowrey and Marcus Burnett must face off against a mother-and-son pair of drug lords who wreak vengeful havoc on their city.,"English, Spanish",United States,3 wins & 15 nominations,https://m.media-amazon.com/images/M/MV5BMWU0MGYwZWQtMzcwYS00NWVhLTlkZTAtYWVjOTYwZTBhZTBiXkEyXkFqcGdeQXVyMTkxNjUyNQ@@._V1_SX300.jpg,"{'Source': 'Internet Movie Database', 'Value': '6.5/10'}",59,6.5,"152,216",tt1502397,movie,31 Mar 2020,"$206,305,244",N/A,N/A,True
Austin Powers: The Spy Who Shagged Me,1999,PG-13,11 Jun 1999,95 min,"Action, Adventure, Comedy",Jay Roach,"Mike Myers, Michael McCullers","Mike Myers, Heather Graham, Michael York","Dr. Evil is back and has invented a new time machine that allows him to go back to the 1960s and steal Austin Powers' mojo, inadvertently leaving him ""shagless"".","English, German",United States,Nominated for 1 Oscar. 18 wins & 31 nominations total,https://m.media-amazon.com/images/M/MV5BMmFkZGQxN2YtODNlYS00MzM5LTk3NjQtNTUxYmQ1YzkwMDhmXkEyXkFqcGdeQXVyMTQxNzMzNDI@._V1_SX300.jpg,"{'Source': 'Internet Movie Database', 'Value': '6.6/10'}",59,6.6,"227,987",tt0145660,movie,03 Dec 2002,"$206,040,086",N/A,N/A,True
Ralph Breaks the Internet,2018,PG,21 Nov 2018,112 min,"Animation, Adventure, Comedy","Phil Johnston, Rich Moore","Phil Johnston, Pamela Ribon, Rich Moore","John C. Reilly, Sarah Silverman, Gal Gadot","Six years after the events of ""Wreck-It Ralph,"" Ralph and Vanellope, now friends, discover a wi-fi router in their arcade, leading them into a new adventure.",English,United States,Nominated for 1 Oscar. 3 wins & 67 nominations total,https://m.media-amazon.com/images/M/MV5BMTYyNzEyNDAzOV5BMl5BanBnXkFtZTgwNTk3NDczNjM@._V1_SX300.jpg,"{'Source': 'Internet Movie Database', 'Value': '7.0/10'}",71,7.0,"151,269",tt5848272,movie,12 Feb 2019,"$201,091,711",N/A,N/A,True
Tangled,2010,PG,24 Nov 2010,100 min,"Animation, Adventure, Comedy","Nathan Greno, Byron Howard","Dan Fogelman, Jacob Grimm, Wilhelm Grimm","Mandy Moore, Zachary Levi, Donna Murphy","The magically long-haired Rapunzel has spent her entire life in a tower, but now that a runaway thief has stumbled upon her, she is about to discover the world for the first time, and who she really is.","English, German",United States,Nominated for 1 Oscar. 10 wins & 41 nominations total,https://m.media-amazon.com/images/M/MV5BMTAxNDYxMjg0MjNeQTJeQWpwZ15BbWU3MDcyNTk2OTM@._V1_SX300.jpg,"{'Source': 'Internet Movie Database', 'Value': '7.7/10'}",71,7.7,"434,708",tt0398286,movie,29 Mar 2011,"$200,821,936",N/A,N/A,True
Monsters vs. Aliens,2009,PG,27 Mar 2009,94 min,"Animation, Action, Adventure","Rob Letterman, Conrad Vernon","Maya Forbes, Wallace Wolodarsky, Rob Letterman","Reese Witherspoon, Rainn Wilson, Stephen Colbert",A woman transformed into a giant after she is struck by a meteorite on her wedding day becomes part of a team of monsters sent in by the U.S. government to defeat an alien mastermind trying to take over Earth.,"English, Portuguese",United States,3 wins & 10 nominations,https://m.media-amazon.com/images/M/MV5BMTY0OTQ3MzE3MV5BMl5BanBnXkFtZTcwMDQyMzMzMg@@._V1_SX300.jpg,"{'Source': 'Internet Movie Database', 'Value': '6.4/10'}",56,6.4,"157,424",tt0892782,movie,29 Sep 2009,"$198,351,526",N/A,N/A,True
Happy Feet,2006,PG,17 Nov 2006,108 min,"Animation, Adventure, Comedy","George Miller, Warren Coleman, Judy Morris","George Miller, John Collee, Judy Morris","Elijah Wood, Brittany Murphy, Hugh Jackman","Into the world of the Emperor Penguins, who find their soul mates through song, a penguin is born who cannot sing. But he can tap dance something fierce!",English,"United States, Australia",Won 1 Oscar. 20 wins & 26 nominations total,https://m.media-amazon.com/images/M/MV5BMTQyNTkxMjUwMV5BMl5BanBnXkFtZTcwMDQ2NTU0MQ@@._V1_SX300.jpg,"{'Source': 'Internet Movie Database', 'Value': '6.4/10'}",77,6.4,"180,930",tt0366548,movie,27 Mar 2007,"$198,000,317",N/A,N/A,True
Ice Age: The Meltdown,2006,PG,31 Mar 2006,91 min,"Animation, Adventure, Comedy",Carlos Saldanha,"Peter Gaulke, Gerry Swallow, Jim Hecht","Ray Romano, John Leguizamo, Denis Leary","Manny, Sid, and Diego discover that the ice age is coming to an end, and join everybody for a journey to higher ground. On the trip, they discover that Manny, in fact, is not the last of the woolly mammoths.",English,United States,8 wins & 16 nominations,https://m.media-amazon.com/images/M/MV5BMjAwODg3OTAxMl5BMl5BanBnXkFtZTcwMjg2NjYyMw@@._V1_SX300.jpg,"{'Source': 'Internet Movie Database', 'Value': '6.8/10'}",60,6.8,"270,638",tt0438097,movie,21 Nov 2006,"$195,330,621",N/A,N/A,True
Madagascar,2005,PG,27 May 2005,86 min,"Animation, Adventure, Comedy","Eric Darnell, Tom McGrath","Mark Burton, Billy Frolick, Eric Darnell","Chris Rock, Ben Stiller, David Schwimmer","A group of animals who have spent all their life in a New York zoo end up in the jungles of Madagascar, and must adjust to living in the wild.","English, Portuguese, Spanish, German, French, American Sign ",United States,4 wins & 32 nominations,https://m.media-amazon.com/images/M/MV5BN2I5YzFlYWEtZjRhNy00ZmQzLWJhNTktZGIwYjFjODdmNDgxXkEyXkFqcGdeQXVyMTQxNzMzNDI@._V1_SX300.jpg,"{'Source': 'Internet Movie Database', 'Value': '6.9/10'}",57,6.9,"389,604",tt0351283,movie,20 May 2008,"$193,595,521",N/A,N/A,True
Toy Story,1995,G,22 Nov 1995,81 min,"Animation, Adventure, Comedy",John Lasseter,"John Lasseter, Pete Docter, Andrew Stanton","Tom Hanks, Tim Allen, Don Rickles",A cowboy doll is profoundly threatened and jealous when a new spaceman figure supplants him as top toy in a boy's room.,English,United States,Won 1 Oscar. 27 wins & 23 nominations total,https://m.media-amazon.com/images/M/MV5BMDU2ZWJlMjktMTRhMy00ZTA5LWEzNDgtYmNmZTEwZTViZWJkXkEyXkFqcGdeQXVyNDQ2OTk4MzI@._V1_SX300.jpg,"{'Source': 'Internet Movie Database', 'Value': '8.3/10'}",95,8.3,"951,425",tt0114709,movie,23 Mar 2010,"$223,225,679",N/A,N/A,True
22 Jump Street,2014,R,13 Jun 2014,112 min,"Action, Comedy, Crime","Phil Lord, Christopher Miller","Michael Bacall, Oren Uziel, Rodney Rothman","Channing Tatum, Jonah Hill, Ice Cube","After making their way through high school (twice), big changes are in store for officers Schmidt and Jenko when they go deep undercover at a local college.",English,United States,7 wins & 25 nominations,https://m.media-amazon.com/images/M/MV5BMTcwNzAxMDU1M15BMl5BanBnXkFtZTgwNDE2NTU1MTE@._V1_SX300.jpg,"{'Source': 'Internet Movie Database', 'Value': '7.0/10'}",71,7.0,"365,512",tt2294449,movie,18 Nov 2014,"$191,719,337",N/A,N/A,True
Cars 2,2011,G,24 Jun 2011,106 min,"Animation, Adventure, Comedy","John Lasseter, Bradford Lewis","John Lasseter, Bradford Lewis, Dan Fogelman","Owen Wilson, Larry the Cable Guy, Michael Caine",Star race car Lightning McQueen and his pal Mater head overseas to compete in the World Grand Prix race. But the road to the championship becomes rocky as Mater gets caught up in an intriguing adventure of his own: international espi,"English, Japanese, Italian, French",United States,1 win & 19 nominations,https://m.media-amazon.com/images/M/MV5BMTUzNTc3MTU3M15BMl5BanBnXkFtZTcwMzIxNTc3NA@@._V1_SX300.jpg,"{'Source': 'Internet Movie Database', 'Value': '6.1/10'}",57,6.1,"177,835",tt1216475,movie,01 Nov 2011,"$191,452,396",N/A,N/A,True
Teenage Mutant Ninja Turtles,2014,PG-13,08 Aug 2014,101 min,"Action, Adventure, Comedy",Jonathan Liebesman,"Josh Appelbaum, André Nemec, Evan Daugherty","Megan Fox, Will Arnett, William Fichtner","When a kingpin threatens New York City, a group of mutated turtle warriors must emerge from the shadows to protect their home.","English, Japanese",United States,1 win & 11 nominations,https://m.media-amazon.com/images/M/MV5BNjUzODQ5MDY5NV5BMl5BanBnXkFtZTgwOTc1NzcyMjE@._V1_SX300.jpg,"{'Source': 'Internet Movie Database', 'Value': '5.8/10'}",31,5.8,"207,811",tt1291150,movie,16 Dec 2014,"$191,204,754",N/A,N/A,True
Men in Black II,2002,PG-13,03 Jul 2002,88 min,"Action, Adventure, Comedy",Barry Sonnenfeld,"Lowell Cunningham, Robert Gordon, Barry Fanaro","Tommy Lee Jones, Will Smith, Rip Torn",Agent Jay is sent to find Agent Kay and restore his memory after the re-appearance of a case from Kay's past.,English,United States,4 wins & 16 nominations,https://m.media-amazon.com/images/M/MV5BMTMxNDA0NTMxMV5BMl5BanBnXkFtZTYwMDE2NzY2._V1_SX300.jpg,"{'Source': 'Internet Movie Database', 'Value': '6.2/10'}",49,6.2,"363,237",tt0120912,movie,06 May 2004,"$193,735,288",N/A,N/A,True
Spider-Man: Into the Spider-Verse,2018,PG,14 Dec 2018,117 min,"Animation, Action, Adventure","Bob Persichetti, Peter Ramsey, Rodney Rothman","Phil Lord, Rodney Rothman","Shameik Moore, Jake Johnson, Hailee Steinfeld","Teen Miles Morales becomes the Spider-Man of his universe, and must join with five spider-powered individuals from other dimensions to stop a threat for all realities.","English, Spanish",United States,Won 1 Oscar. 82 wins & 57 nominations total,https://m.media-amazon.com/images/M/MV5BMjMwNDkxMTgzOF5BMl5BanBnXkFtZTgwNTkwNTQ3NjM@._V1_SX300.jpg,"{'Source': 'Internet Movie Database', 'Value': '8.4/10'}",87,8.4,"473,159",tt4633694,movie,19 Mar 2019,"$190,241,310",N/A,N/A,True
Wreck-It Ralph,2012,PG,02 Nov 2012,101 min,"Animation, Adventure, Comedy",Rich Moore,"Rich Moore, Phil Johnston, Jim Reardon","John C. Reilly, Jack McBrayer, Jane Lynch","A video game villain wants to be a hero and sets out to fulfill his dream, but his quest brings havoc to the whole arcade where he lives.",English,United States,Nominated for 1 Oscar. 33 wins & 42 nominations total,https://m.media-amazon.com/images/M/MV5BNzMxNTExOTkyMF5BMl5BanBnXkFtZTcwMzEyNDc0OA@@._V1_SX300.jpg,"{'Source': 'Internet Movie Database', 'Value': '7.7/10'}",72,7.7,"406,874",tt1772341,movie,05 Mar 2013,"$189,422,889",N/A,N/A,True
Grease,1978,PG,16 Jun 1978,110 min,"Comedy, Musical, Romance",Randal Kleiser,"Jim Jacobs, Warren Casey, Bronte Woodard","John Travolta, Olivia Newton-John, Stockard Channing","Good girl Sandy Olsson and greaser Danny Zuko fell in love over the summer. When they unexpectedly discover they're now in the same high school, will they be able to rekindle their romance?",English,United States,Nominated for 1 Oscar. 4 wins & 10 nominations total,https://m.media-amazon.com/images/M/MV5BZmUyMDEyOTgtZmUwOS00NTdkLThlNzctNTM1ODQ4M2VhMjdhXkEyXkFqcGdeQXVyNzkwMjQ5NzM@._V1_SX300.jpg,"{'Source': 'Internet Movie Database', 'Value': '7.2/10'}",70,7.2,"260,418",tt0077631,movie,24 Sep 2002,"$190,071,103",N/A,N/A,True
The Croods,2013,PG,22 Mar 2013,98 min,"Animation, Adventure, Comedy","Kirk DeMicco, Chris Sanders","Chris Sanders, Kirk DeMicco, John Cleese","Nicolas Cage, Ryan Reynolds, Emma Stone","After their cave is destroyed, a caveman family must trek through an unfamiliar fantastical world with the help of an inventive boy.",English,United States,Nominated for 1 Oscar. 5 wins & 46 nominations total,https://m.media-amazon.com/images/M/MV5BMTcyOTc2OTA1Ml5BMl5BanBnXkFtZTcwOTI1MjkzOQ@@._V1_SX300.jpg,"{'Source': 'Internet Movie Database', 'Value': '7.2/10'}",55,7.2,"207,752",tt0481499,movie,01 Oct 2013,"$187,168,425",N/A,N/A,True
Mr. & Mrs. Smith,2005,PG-13,10 Jun 2005,120 min,"Action, Comedy, Crime",Doug Liman,Simon Kinberg,"Brad Pitt, Angelina Jolie, Adam Brody",A bored married couple is surprised to learn that they are both assassins hired by competing agencies to kill each other.,"English, Spanish",United States,9 wins & 18 nominations,https://m.media-amazon.com/images/M/MV5BMTUxMzcxNzQzOF5BMl5BanBnXkFtZTcwMzQxNjUyMw@@._V1_SX300.jpg,"{'Source': 'Internet Movie Database', 'Value': '6.5/10'}",55,6.5,"479,074",tt0356910,movie,29 Nov 2005,"$186,336,279",N/A,N/A,True
Pitch Perfect 2,2015,PG-13,15 May 2015,115 min,"Comedy, Music",Elizabeth Banks,"Kay Cannon, Mickey Rapkin","Anna Kendrick, Rebel Wilson, Hailee Steinfeld","After a humiliating command performance at The Kennedy Center, the Barden Bellas enter an international competition that no American group has ever won in order to regain their status and right to perform.","English, German",United States,9 wins & 17 nominations,https://m.media-amazon.com/images/M/MV5BMzk4OTM2NzMzNl5BMl5BanBnXkFtZTgwNTAzNDE0NDE@._V1_SX300.jpg,"{'Source': 'Internet Movie Database', 'Value': '6.4/10'}",63,6.4,"152,532",tt2848292,movie,22 Sep 2015,"$184,296,230",N/A,N/A,True
The Polar Express,2004,G,10 Nov 2004,100 min,"Animation, Adventure, Comedy",Robert Zemeckis,"Chris Van Allsburg, Robert Zemeckis, William Broyles Jr.","Tom Hanks, Chris Coppola, Michael Jeter","On Christmas Eve, a young boy embarks on a magical adventure to the North Pole on the Polar Express, while learning about friendship, bravery, and the spirit of Christmas.",English,United States,Nominated for 3 Oscars. 5 wins & 26 nominations total,https://m.media-amazon.com/images/M/MV5BMTM1NTU0NTE4MV5BMl5BanBnXkFtZTcwMTQ0MjEzMw@@._V1_SX300.jpg,"{'Source': 'Internet Movie Database', 'Value': '6.6/10'}",61,6.6,"199,731",tt0338348,movie,22 Nov 2005,"$187,935,490",N/A,N/A,True
The Simpsons Movie,2007,PG-13,27 Jul 2007,87 min,"Animation, Adventure, Comedy",David Silverman,"James L. Brooks, Matt Groening, Al Jean","Dan Castellaneta, Julie Kavner, Nancy Cartwright","After Homer pollutes the town's water supply, Springfield is encased in a gigantic dome by the EPA and the Simpsons are declared fugitives.",English,United States,Won 1 BAFTA Film Award5 wins & 34 nominations total,https://m.media-amazon.com/images/M/MV5BMTgxMDczMTA5N15BMl5BanBnXkFtZTcwMzk1MzMzMw@@._V1_SX300.jpg,"{'Source': 'Internet Movie Database', 'Value': '7.3/10'}",80,7.3,"322,255",tt0462538,movie,18 Dec 2007,"$183,135,014",N/A,N/A,True
What Women Want,2000,PG-13,15 Dec 2000,127 min,"Comedy, Fantasy, Romance",Nancy Meyers,"Josh Goldsmith, Cathy Yuspa, Diane Drake","Mel Gibson, Helen Hunt, Marisa Tomei","A cocky, chauvinistic advertising executive magically acquires the ability to hear what women are thinking.",English,United States,5 wins & 9 nominations,https://m.media-amazon.com/images/M/MV5BZjUyZWE5YmMtNDA2ZC00NzFlLTg0MzktOTgzYjA2ZWE3NmIwXkEyXkFqcGdeQXVyNDk3NzU2MTQ@._V1_SX300.jpg,"{'Source': 'Internet Movie Database', 'Value': '6.4/10'}",47,6.4,"203,960",tt0207201,movie,08 Jan 2002,"$182,811,707",N/A,N/A,True
Liar Liar,1997,PG-13,21 Mar 1997,86 min,"Comedy, Fantasy",Tom Shadyac,"Paul Guay, Stephen Mazur","Jim Carrey, Maura Tierney, Amanda Donohoe",A fast-track lawyer can't lie for 24 hours due to his son's birthday wish after he disappoints his son for the last time.,English,United States,4 wins & 6 nominations,https://m.media-amazon.com/images/M/MV5BYjZlYmJjYWYtZDM0NS00YmZlLWIyMTAtMDY5ZTNjZTgwMDhjXkEyXkFqcGdeQXVyMTQxNzMzNDI@._V1_SX300.jpg,"{'Source': 'Internet Movie Database', 'Value': '6.9/10'}",70,6.9,"299,443",tt0119528,movie,25 Nov 2003,"$181,410,615",N/A,N/A,True
Ant-Man,2015,PG-13,17 Jul 2015,117 min,"Action, Adventure, Comedy",Peyton Reed,"Edgar Wright, Joe Cornish, Adam McKay","Paul Rudd, Michael Douglas, Corey Stoll","Armed with a super-suit with the astonishing ability to shrink in scale but increase in strength, cat burglar Scott Lang must embrace his inner hero and help his mentor, Dr. Hank Pym, pull off a plan that will save the world.",English,United States,Nominated for 1 BAFTA Film Award4 wins & 34 nominations total,https://m.media-amazon.com/images/M/MV5BMjM2NTQ5Mzc2M15BMl5BanBnXkFtZTgwNTcxMDI2NTE@._V1_SX300.jpg,"{'Source': 'Internet Movie Database', 'Value': '7.3/10'}",64,7.3,"631,397",tt0478970,movie,08 Dec 2015,"$180,202,163",N/A,N/A,True
Madagascar: Escape 2 Africa,2008,PG,07 Nov 2008,89 min,"Animation, Adventure, Comedy","Eric Darnell, Tom McGrath","Etan Cohen, Eric Darnell, Tom McGrath","Ben Stiller, Chris Rock, David Schwimmer","The Madagascar animals fly back to New York City, but crash-land on an African nature reserve, where they meet others of their own kind, and Alex especially discovers his royal heritage as prince of a lion pride.","English, Italian",United States,4 wins & 11 nominations,https://m.media-amazon.com/images/M/MV5BNzNlYjFmZTMtMGI1OS00YmQwLWI5M2EtMTllNmVhZjAyMmJjXkEyXkFqcGdeQXVyNTIzOTk5ODM@._V1_SX300.jpg,"{'Source': 'Internet Movie Database', 'Value': '6.6/10'}",61,6.6,"219,426",tt0479952,movie,06 Feb 2009,"$180,010,950",N/A,N/A,True
Hitch,2005,PG-13,11 Feb 2005,118 min,"Comedy, Romance",Andy Tennant,Kevin Bisch,"Will Smith, Eva Mendes, Kevin James",A smooth-talking man falls for a hardened columnist while helping a shy accountant woo a beautiful heiress.,English,United States,4 wins & 24 nominations,https://m.media-amazon.com/images/M/MV5BNzYyNzM2NzM2NF5BMl5BanBnXkFtZTcwNjg5NTQzMw@@._V1_SX300.jpg,"{'Source': 'Internet Movie Database', 'Value': '6.6/10'}",58,6.6,"309,911",tt0386588,movie,14 Jun 2005,"$179,495,555",N/A,N/A,True
Men in Black 3,2012,PG-13,25 May 2012,106 min,"Action, Adventure, Comedy",Barry Sonnenfeld,"Etan Cohen, Lowell Cunningham","Will Smith, Tommy Lee Jones, Josh Brolin",Agent J travels in time to M.I.B.'s early days in 1969 to stop an alien from assassinating his friend Agent K and changing history.,"English, Ukrainian","United States, United Arab Emirates",1 win & 13 nominations,https://m.media-amazon.com/images/M/MV5BMTU2NTYxODcwMF5BMl5BanBnXkFtZTcwNDk1NDY0Nw@@._V1_SX300.jpg,"{'Source': 'Internet Movie Database', 'Value': '6.8/10'}",58,6.8,"352,778",tt1409024,movie,30 Nov 2012,"$179,020,854",N/A,N/A,True
Pretty Woman,1990,R,23 Mar 1990,119 min,"Comedy, Romance",Garry Marshall,J.F. Lawton,"Richard Gere, Julia Roberts, Jason Alexander","A man in a legal but hurtful business needs an escort for some social events, and hires a beautiful prostitute he meets... only to fall in love.",English,United States,Nominated for 1 Oscar. 8 wins & 11 nominations total,https://m.media-amazon.com/images/M/MV5BNjk2ODQzNDYxNV5BMl5BanBnXkFtZTgwMTcyNDg4NjE@._V1_SX300.jpg,"{'Source': 'Internet Movie Database', 'Value': '7.1/10'}",51,7.1,"312,649",tt0100405,movie,30 Aug 2005,"$178,406,268",N/A,N/A,True
Home,2015,PG,27 Mar 2015,94 min,"Animation, Adventure, Comedy",Tim Johnson,"Tom J. Astle, Matt Ember, Adam Rex","Jim Parsons, Rihanna, Steve Martin","An alien on the run from his own people makes friends with a girl. He tries to help her on her quest, but can be an interference.","English, French",United States,3 wins & 9 nominations,https://m.media-amazon.com/images/M/MV5BMjExOTQ4MDMyMV5BMl5BanBnXkFtZTgwMTE3NDM2MzE@._V1_SX300.jpg,"{'Source': 'Internet Movie Database', 'Value': '6.6/10'}",55,6.6,"99,576",tt2224026,movie,28 Jul 2015,"$177,397,510",N/A,N/A,True
Night at the Museum: Battle of the Smithsonian,2009,PG,22 May 2009,105 min,"Adventure, Comedy, Family",Shawn Levy,"Robert Ben Garant, Thomas Lennon","Ben Stiller, Owen Wilson, Amy Adams","Security guard Larry Daley infiltrates the Smithsonian Institution in order to rescue Jedediah and Octavius, who have been shipped to the museum by mistake.",English,"United States, Canada",2 wins & 9 nominations,https://m.media-amazon.com/images/M/MV5BMGZjZDE2NjUtMzVkNy00N2UyLTg5MjYtYzY1ZmM1YWY3ZTZmXkEyXkFqcGdeQXVyNjk1Njg5NTA@._V1_SX300.jpg,"{'Source': 'Internet Movie Database', 'Value': '6.0/10'}",42,6.0,"190,344",tt1078912,movie,01 Dec 2009,"$177,243,721",N/A,N/A,True
Tootsie,1982,PG,17 Dec 1982,116 min,"Comedy, Drama, Romance",Sydney Pollack,"Don McGuire, Larry Gelbart, Murray Schisgal","Dustin Hoffman, Jessica Lange, Teri Garr","Michael Dorsey, an unsuccessful actor, disguises himself as a woman in order to get a role on a trashy hospital soap.",English,United States,Won 1 Oscar. 25 wins & 30 nominations total,https://m.media-amazon.com/images/M/MV5BMTY4MGJjMTktNGM4Ni00ODliLWJlYjQtNjc4NmY2NjQ3NzEzXkEyXkFqcGdeQXVyMTA0MjU0Ng@@._V1_SX300.jpg,"{'Source': 'Internet Movie Database', 'Value': '7.4/10'}",88,7.4,"103,991",tt0084805,movie,05 Feb 2008,"$177,200,000",N/A,N/A,True
How to Train Your Dragon 2,2014,PG,13 Jun 2014,102 min,"Animation, Action, Adventure",Dean DeBlois,"Dean DeBlois, Cressida Cowell","Jay Baruchel, Cate Blanchett, Gerard Butler","When Hiccup and Toothless discover an ice cave that is home to hundreds of new wild dragons and the mysterious Dragon Rider, the two friends find themselves at the center of a battle to protect the peace.",English,United States,Nominated for 1 Oscar. 15 wins & 61 nominations total,https://m.media-amazon.com/images/M/MV5BMzMwMTAwODczN15BMl5BanBnXkFtZTgwMDk2NDA4MTE@._V1_SX300.jpg,"{'Source': 'Internet Movie Database', 'Value': '7.8/10'}",77,7.8,"323,480",tt1646971,movie,11 Nov 2014,"$177,002,924",N/A,N/A,True
There's Something About Mary,1998,R,15 Jul 1998,119 min,"Comedy, Romance","Bobby Farrelly, Peter Farrelly","Ed Decter, John J. Strauss, Peter Farrelly","Cameron Diaz, Matt Dillon, Ben Stiller","A man gets a chance to meet up with his dream girl from high school, even though his date with her back then was a complete disaster.",English,United States,17 wins & 17 nominations,https://m.media-amazon.com/images/M/MV5BZWFlZjE5OTYtNWY0ZC00MzgzLTg5MjUtYTFkZjk2NjJkYjM0XkEyXkFqcGdeQXVyNTAyODkwOQ@@._V1_SX300.jpg,"{'Source': 'Internet Movie Database', 'Value': '7.1/10'}",69,7.1,"304,826",tt0129387,movie,22 Oct 2002,"$176,484,651",N/A,N/A,True
Ice Age,2002,PG,15 Mar 2002,81 min,"Animation, Adventure, Comedy","Chris Wedge, Carlos Saldanha","Michael J. Wilson, Michael Berg, Peter Ackerman","Denis Leary, John Leguizamo, Ray Romano","The story revolves around sub-zero heroes: a woolly mammoth, a saber-toothed tiger, a sloth and a prehistoric combination of a squirrel and rat, known as Scrat.",English,United States,Nominated for 1 Oscar. 5 wins & 30 nominations total,https://m.media-amazon.com/images/M/MV5BYWZhYjExYzgtNWMxMy00N2E4LTlkYzItZjJhOTUyZWNkNDBlXkEyXkFqcGdeQXVyMTMwMTgyMzQz._V1_SX300.jpg,"{'Source': 'Internet Movie Database', 'Value': '7.5/10'}",61,7.5,"468,520",tt0268380,movie,08 Feb 2005,"$176,387,405",N/A,N/A,True
The Lego Batman Movie,2017,PG,10 Feb 2017,104 min,"Animation, Action, Adventure",Chris McKay,"Seth Grahame-Smith, Chris McKenna, Erik Sommers","Will Arnett, Michael Cera, Rosario Dawson","A cooler-than-ever Bruce Wayne must deal with the usual suspects as they plan to rule Gotham City, while discovering that he has accidentally adopted a teenage orphan who wishes to become his sidekick.",English,"United States, Denmark, Australia",13 wins & 68 nominations,https://m.media-amazon.com/images/M/MV5BMTcyNTEyOTY0M15BMl5BanBnXkFtZTgwOTAyNzU3MDI@._V1_SX300.jpg,"{'Source': 'Internet Movie Database', 'Value': '7.3/10'}",75,7.3,"142,050",tt4116284,movie,13 Jun 2017,"$175,750,384",N/A,N/A,True
